{
    "RELIANCE.NS": {
        "Sell": 0.9520671367645264,
        "Hold": 0.043939363211393356,
        "Buy": 0.003993583843111992
    },
    "TCS.NS": {
        "Sell": 0.9763652682304382,
        "Hold": 0.020400429144501686,
        "Buy": 0.003234250470995903
    },
    "HDFCBANK.NS": {
        "Sell": 0.8835341334342957,
        "Hold": 0.10472847521305084,
        "Buy": 0.011737341992557049
    },
    "ICICIBANK.NS": {
        "Sell": 0.9725208282470703,
        "Hold": 0.02483612857758999,
        "Buy": 0.002643097657710314
    },
    "INFY.NS": {
        "Sell": 0.9327288269996643,
        "Hold": 0.05844875052571297,
        "Buy": 0.008822379633784294
    },
    "ITC.NS": {
        "Sell": 0.9678969979286194,
        "Hold": 0.029443761333823204,
        "Buy": 0.0026593580842018127
    },
    "LT.NS": {
        "Sell": 0.9642072319984436,
        "Hold": 0.03297081217169762,
        "Buy": 0.00282200681976974
    },
    "BHARTIARTL.NS": {
        "Sell": 0.9247140884399414,
        "Hold": 0.0676313042640686,
        "Buy": 0.007654685992747545
    },
    "SBIN.NS": {
        "Sell": 0.9070708751678467,
        "Hold": 0.08325262367725372,
        "Buy": 0.009676432237029076
    },
    "HINDUNILVR.NS": {
        "Sell": 0.9417505264282227,
        "Hold": 0.052866145968437195,
        "Buy": 0.005383387673646212
    },
    "M&M.NS": {
        "Sell": 0.9324109554290771,
        "Hold": 0.06009110435843468,
        "Buy": 0.007497846614569426
    },
    "MARUTI.NS": {
        "Sell": 0.9711732268333435,
        "Hold": 0.026039181277155876,
        "Buy": 0.0027875599917024374
    },
    "SUNPHARMA.NS": {
        "Sell": 0.9348157048225403,
        "Hold": 0.05961140990257263,
        "Buy": 0.005572868976742029
    },
    "TATASTEEL.NS": {
        "Sell": 0.9758821725845337,
        "Hold": 0.022170083597302437,
        "Buy": 0.0019478192552924156
    },
    "BAJFINANCE.NS": {
        "Sell": 0.9684579372406006,
        "Hold": 0.02806919626891613,
        "Buy": 0.0034729205071926117
    },
    "NTPC.NS": {
        "Sell": 0.9579594731330872,
        "Hold": 0.03855898231267929,
        "Buy": 0.0034815191756933928
    },
    "ONGC.NS": {
        "Sell": 0.8872396349906921,
        "Hold": 0.10087279230356216,
        "Buy": 0.011887498199939728
    },
    "ASIANPAINT.NS": {
        "Sell": 0.9452387094497681,
        "Hold": 0.04921623319387436,
        "Buy": 0.005545021966099739
    },
    "TITAN.NS": {
        "Sell": 0.7722421288490295,
        "Hold": 0.2019033432006836,
        "Buy": 0.02585451304912567
    },
    "ULTRACEMCO.NS": {
        "Sell": 0.9672492146492004,
        "Hold": 0.029949527233839035,
        "Buy": 0.002801151480525732
    },
    "WIPRO.NS": {
        "Sell": 0.9760223031044006,
        "Hold": 0.021251268684864044,
        "Buy": 0.0027264486998319626
    },
    "HCLTECH.NS": {
        "Sell": 0.979478657245636,
        "Hold": 0.017533455044031143,
        "Buy": 0.002987853717058897
    },
    "KOTAKBANK.NS": {
        "Sell": 0.9680333137512207,
        "Hold": 0.028649592772126198,
        "Buy": 0.0033170939423143864
    },
    "AXISBANK.NS": {
        "Sell": 0.935039758682251,
        "Hold": 0.05853014811873436,
        "Buy": 0.006430056877434254
    },
    "POWERGRID.NS": {
        "Sell": 0.9524471759796143,
        "Hold": 0.04357483237981796,
        "Buy": 0.0039779855869710445
    },
    "BPCL.NS": {
        "Sell": 0.8544554114341736,
        "Hold": 0.12523218989372253,
        "Buy": 0.020312270149588585
    },
    "GRASIM.NS": {
        "Sell": 0.9036777019500732,
        "Hold": 0.08660776913166046,
        "Buy": 0.009714518673717976
    },
    "JSWSTEEL.NS": {
        "Sell": 0.9374356269836426,
        "Hold": 0.057361576706171036,
        "Buy": 0.005202800501137972
    },
    "ADANIPORTS.NS": {
        "Sell": 0.9554447531700134,
        "Hold": 0.03925943374633789,
        "Buy": 0.005295805167406797
    },
    "INDUSINDBK.NS": {
        "Sell": 0.919468104839325,
        "Hold": 0.07161124795675278,
        "Buy": 0.008920684456825256
    },
    "DRREDDY.NS": {
        "Sell": 0.9910743236541748,
        "Hold": 0.007848376408219337,
        "Buy": 0.0010772711830213666
    },
    "CIPLA.NS": {
        "Sell": 0.9367099404335022,
        "Hold": 0.05708283931016922,
        "Buy": 0.0062071895226836205
    },
    "EICHERMOT.NS": {
        "Sell": 0.9549987316131592,
        "Hold": 0.040915802121162415,
        "Buy": 0.004085402004420757
    },
    "APOLLOHOSP.NS": {
        "Sell": 0.975268542766571,
        "Hold": 0.0226778332144022,
        "Buy": 0.0020535241346806288
    },
    "DIVISLAB.NS": {
        "Sell": 0.9425894618034363,
        "Hold": 0.05100366845726967,
        "Buy": 0.006406817585229874
    },
    "TATACONSUM.NS": {
        "Sell": 0.9482963681221008,
        "Hold": 0.0462389774620533,
        "Buy": 0.005464674439281225
    },
    "BRITANNIA.NS": {
        "Sell": 0.8870126008987427,
        "Hold": 0.1000257357954979,
        "Buy": 0.012961585074663162
    },
    "BAJAJ-AUTO.NS": {
        "Sell": 0.5859283208847046,
        "Hold": 0.3605283200740814,
        "Buy": 0.053543321788311005
    },
    "HEROMOTOCO.NS": {
        "Sell": 0.866635799407959,
        "Hold": 0.11864447593688965,
        "Buy": 0.014719732105731964
    },
    "TECHM.NS": {
        "Sell": 0.9494981169700623,
        "Hold": 0.04424412548542023,
        "Buy": 0.006257717497646809
    },
    "FEDERALBNK.NS": {
        "Sell": 0.8099754452705383,
        "Hold": 0.16563647985458374,
        "Buy": 0.024388087913393974
    },
    "PNB.NS": {
        "Sell": 0.9034232497215271,
        "Hold": 0.08576837927103043,
        "Buy": 0.010808338411152363
    },
    "BANKBARODA.NS": {
        "Sell": 0.9069287776947021,
        "Hold": 0.08338092267513275,
        "Buy": 0.009690235368907452
    },
    "CANBK.NS": {
        "Sell": 0.9632922410964966,
        "Hold": 0.032294537872076035,
        "Buy": 0.004413119051605463
    },
    "IOB.NS": {
        "Sell": 0.9449697732925415,
        "Hold": 0.04980616644024849,
        "Buy": 0.005224160384386778
    },
    "UNIONBANK.NS": {
        "Sell": 0.8285713791847229,
        "Hold": 0.14793194830417633,
        "Buy": 0.023496754467487335
    },
    "CHOLAFIN.NS": {
        "Sell": 0.8724967241287231,
        "Hold": 0.11302500218153,
        "Buy": 0.014478386379778385
    },
    "M&MFIN.NS": {
        "Sell": 0.964921772480011,
        "Hold": 0.029974909499287605,
        "Buy": 0.005103347823023796
    },
    "PFC.NS": {
        "Sell": 0.9696624875068665,
        "Hold": 0.027337143197655678,
        "Buy": 0.0030004470609128475
    },
    "LICHSGFIN.NS": {
        "Sell": 0.9597598910331726,
        "Hold": 0.03654802218079567,
        "Buy": 0.0036921228747814894
    },
    "PERSISTENT.NS": {
        "Sell": 0.9170259237289429,
        "Hold": 0.07290614396333694,
        "Buy": 0.010067934170365334
    },
    "MPHASIS.NS": {
        "Sell": 0.9538972973823547,
        "Hold": 0.039730336517095566,
        "Buy": 0.006372406613081694
    },
    "OFSS.NS": {
        "Sell": 0.9701701998710632,
        "Hold": 0.025420252233743668,
        "Buy": 0.004409458488225937
    },
    "TATAELXSI.NS": {
        "Sell": 0.9828124642372131,
        "Hold": 0.015487311407923698,
        "Buy": 0.0017002273816615343
    },
    "ASHOKLEY.NS": {
        "Sell": 0.9567055702209473,
        "Hold": 0.03731294348835945,
        "Buy": 0.00598148861899972
    },
    "TVSMOTOR.NS": {
        "Sell": 0.8762515783309937,
        "Hold": 0.10544280707836151,
        "Buy": 0.01830558106303215
    },
    "ESCORTS.NS": {
        "Sell": 0.9674129486083984,
        "Hold": 0.02908513881266117,
        "Buy": 0.0035019870847463608
    },
    "BHARATFORG.NS": {
        "Sell": 0.8923744559288025,
        "Hold": 0.08933770656585693,
        "Buy": 0.018287796527147293
    },
    "BOSCHLTD.NS": {
        "Sell": 0.9079188108444214,