{
    "RELIANCE.NS": {
        "Sell": 0.9444558620452881,
        "Hold": 0.05083059147000313,
        "Buy": 0.004713489208370447
    },
    "TCS.NS": {
        "Sell": 0.9714022874832153,
        "Hold": 0.02521057054400444,
        "Buy": 0.003387010656297207
    },
    "HDFCBANK.NS": {
        "Sell": 0.8235659599304199,
        "Hold": 0.15727533400058746,
        "Buy": 0.019158709794282913
    },
    "ICICIBANK.NS": {
        "Sell": 0.9670916199684143,
        "Hold": 0.03006310947239399,
        "Buy": 0.002845302689820528
    },
    "INFY.NS": {
        "Sell": 0.9645475149154663,
        "Hold": 0.03111722692847252,
        "Buy": 0.0043352325446903706
    },
    "ITC.NS": {
        "Sell": 0.9712923169136047,
        "Hold": 0.026260174810886383,
        "Buy": 0.002447457518428564
    },
    "LT.NS": {
        "Sell": 0.9657950401306152,
        "Hold": 0.031375233083963394,
        "Buy": 0.002829694887623191
    },
    "BHARTIARTL.NS": {
        "Sell": 0.8989593982696533,
        "Hold": 0.09069661051034927,
        "Buy": 0.010344088077545166
    },
    "SBIN.NS": {
        "Sell": 0.9769927263259888,
        "Hold": 0.02084134705364704,
        "Buy": 0.002165872836485505
    },
    "HINDUNILVR.NS": {
        "Sell": 0.9831415414810181,
        "Hold": 0.01525168213993311,
        "Buy": 0.0016067653195932508
    },
    "M&M.NS": {
        "Sell": 0.966876208782196,
        "Hold": 0.029586536809802055,
        "Buy": 0.00353735382668674
    },
    "MARUTI.NS": {
        "Sell": 0.9538611769676208,
        "Hold": 0.04097729176282883,
        "Buy": 0.005161623936146498
    },
    "SUNPHARMA.NS": {
        "Sell": 0.8823808431625366,
        "Hold": 0.10637039691209793,
        "Buy": 0.011248697526752949
    },
    "TATASTEEL.NS": {
        "Sell": 0.9489423632621765,
        "Hold": 0.0474194772541523,
        "Buy": 0.00363813410513103
    },
    "BAJFINANCE.NS": {
        "Sell": 0.9118905663490295,
        "Hold": 0.07730167359113693,
        "Buy": 0.010807724669575691
    },
    "NTPC.NS": {
        "Sell": 0.9603673219680786,
        "Hold": 0.03631892055273056,
        "Buy": 0.0033137332648038864
    },
    "ONGC.NS": {
        "Sell": 0.7785616517066956,
        "Hold": 0.19152426719665527,
        "Buy": 0.029914040118455887
    },
    "ASIANPAINT.NS": {
        "Sell": 0.977504551410675,
        "Hold": 0.020386304706335068,
        "Buy": 0.0021092048846185207
    },
    "TITAN.NS": {
        "Sell": 0.9340317249298096,
        "Hold": 0.05987779051065445,
        "Buy": 0.006090451031923294
    },
    "ULTRACEMCO.NS": {
        "Sell": 0.9652878642082214,
        "Hold": 0.031699128448963165,
        "Buy": 0.0030130643863230944
    },
    "WIPRO.NS": {
        "Sell": 0.9720243811607361,
        "Hold": 0.02503134310245514,
        "Buy": 0.0029442771337926388
    },
    "HCLTECH.NS": {
        "Sell": 0.8444572687149048,
        "Hold": 0.1357085108757019,
        "Buy": 0.019834227859973907
    },
    "KOTAKBANK.NS": {
        "Sell": 0.9895721077919006,
        "Hold": 0.009218602441251278,
        "Buy": 0.001209257752634585
    },
    "AXISBANK.NS": {
        "Sell": 0.9701615571975708,
        "Hold": 0.02678842283785343,
        "Buy": 0.0030499929562211037
    },
    "POWERGRID.NS": {
        "Sell": 0.9691359400749207,
        "Hold": 0.028229566290974617,
        "Buy": 0.002634565345942974
    },
    "BPCL.NS": {
        "Sell": 0.9780142903327942,
        "Hold": 0.019563792273402214,
        "Buy": 0.0024218622129410505
    },
    "GRASIM.NS": {
        "Sell": 0.9579198360443115,
        "Hold": 0.038400325924158096,
        "Buy": 0.003679731162264943
    },
    "JSWSTEEL.NS": {
        "Sell": 0.9243077039718628,
        "Hold": 0.06969615817070007,
        "Buy": 0.0059961602091789246
    },
    "ADANIPORTS.NS": {
        "Sell": 0.987541675567627,
        "Hold": 0.010838878341019154,
        "Buy": 0.0016195711214095354
    },
    "INDUSINDBK.NS": {
        "Sell": 0.605983316898346,
        "Hold": 0.33488571643829346,
        "Buy": 0.05913092568516731
    },
    "DRREDDY.NS": {
        "Sell": 0.8948688507080078,
        "Hold": 0.09309466183185577,
        "Buy": 0.012036402709782124
    },
    "CIPLA.NS": {
        "Sell": 0.9275431632995605,
        "Hold": 0.06522130221128464,
        "Buy": 0.007235454395413399
    },
    "EICHERMOT.NS": {
        "Sell": 0.9452622532844543,
        "Hold": 0.0498284250497818,
        "Buy": 0.0049092574045062065
    },
    "APOLLOHOSP.NS": {
        "Sell": 0.9298731088638306,
        "Hold": 0.06436347961425781,
        "Buy": 0.005763450171798468
    },
    "DIVISLAB.NS": {
        "Sell": 0.9572874307632446,
        "Hold": 0.03896133229136467,
        "Buy": 0.003751153126358986
    },
    "TATACONSUM.NS": {
        "Sell": 0.9714880585670471,
        "Hold": 0.025543687865138054,
        "Buy": 0.0029682558961212635
    },
    "BRITANNIA.NS": {
        "Sell": 0.966199517250061,
        "Hold": 0.03042237088084221,
        "Buy": 0.00337815354578197
    },
    "BAJAJ-AUTO.NS": {
        "Sell": 0.7920204997062683,
        "Hold": 0.18263573944568634,
        "Buy": 0.025343796238303185
    },
    "HEROMOTOCO.NS": {
        "Sell": 0.9304929971694946,
        "Hold": 0.06254172325134277,
        "Buy": 0.006965229753404856
    },
    "TECHM.NS": {
        "Sell": 0.9255430102348328,
        "Hold": 0.06620985269546509,
        "Buy": 0.008247213438153267
    },
    "FEDERALBNK.NS": {
        "Sell": 0.919718325138092,
        "Hold": 0.0715862512588501,
        "Buy": 0.008695327676832676
    },
    "PNB.NS": {
        "Sell": 0.9793349504470825,
        "Hold": 0.018601587042212486,
        "Buy": 0.0020634415559470654
    },
    "BANKBARODA.NS": {
        "Sell": 0.9560397863388062,
        "Hold": 0.039102550595998764,
        "Buy": 0.004857745487242937
    },
    "CANBK.NS": {
        "Sell": 0.9823139905929565,
        "Hold": 0.015610967762768269,
        "Buy": 0.0020750327967107296
    },
    "IOB.NS": {
        "Sell": 0.9761012196540833,
        "Hold": 0.021611733362078667,
        "Buy": 0.00228709913790226
    },
    "UNIONBANK.NS": {
        "Sell": 0.9896076321601868,
        "Hold": 0.009099549613893032,
        "Buy": 0.0012927920324727893
    },
    "CHOLAFIN.NS": {
        "Sell": 0.8569607734680176,
        "Hold": 0.12544061243534088,
        "Buy": 0.017598597332835197
    },
    "M&MFIN.NS": {
        "Sell": 0.7599895000457764,
        "Hold": 0.20120616257190704,
        "Buy": 0.03880438953638077
    },
    "PFC.NS": {
        "Sell": 0.9834245443344116,
        "Hold": 0.01468147523701191,
        "Buy": 0.001894023735076189
    },
    "LICHSGFIN.NS": {
        "Sell": 0.9584261775016785,
        "Hold": 0.03782609477639198,
        "Buy": 0.003747742623090744
    },
    "PERSISTENT.NS": {
        "Sell": 0.9608020186424255,
        "Hold": 0.03502420708537102,
        "Buy": 0.004173694644123316
    },
    "MPHASIS.NS": {
        "Sell": 0.9623446464538574,
        "Hold": 0.03308859467506409,
        "Buy": 0.0045668333768844604
    },
    "OFSS.NS": {
        "Sell": 0.9202473163604736,
        "Hold": 0.06918946653604507,
        "Buy": 0.010563045740127563
    },
    "TATAELXSI.NS": {
        "Sell": 0.9673852920532227,
        "Hold": 0.029719306156039238,
        "Buy": 0.002895364770665765
    },
    "ASHOKLEY.NS": {
        "Sell": 0.9816317558288574,
        "Hold": 0.015673771500587463,
        "Buy": 0.002694528317078948
    },
    "TVSMOTOR.NS": {
        "Sell": 0.9707978963851929,
        "Hold": 0.025681789964437485,
        "Buy": 0.0035202899016439915
    },
    "ESCORTS.NS": {
        "Sell": 0.8904128670692444,
        "Hold": 0.09615422040224075,
        "Buy": 0.013432900421321392
    },
    "BHARATFORG.NS": {
        "Sell": 0.969044029712677,
        "Hold": 0.02658393420279026,
        "Buy": 0.0043719056993722916
    },
    "BOSCHLTD.NS": {
        "Sell": 0.9523296356201172,