{
    "RELIANCE.NS": {
        "Sell": 0.9488897919654846,
        "Hold": 0.04497534781694412,
        "Buy": 0.006134850438684225
    },
    "TCS.NS": {
        "Sell": 0.9889134764671326,
        "Hold": 0.009664341807365417,
        "Buy": 0.001422229572199285
    },
    "HDFCBANK.NS": {
        "Sell": 0.9162835478782654,
        "Hold": 0.07422643899917603,
        "Buy": 0.00949001219123602
    },
    "ICICIBANK.NS": {
        "Sell": 0.9126279354095459,
        "Hold": 0.07851147651672363,
        "Buy": 0.008860648609697819
    },
    "INFY.NS": {
        "Sell": 0.9934680461883545,
        "Hold": 0.005687796510756016,
        "Buy": 0.0008442013058811426
    },
    "ITC.NS": {
        "Sell": 0.8898206353187561,
        "Hold": 0.09757082909345627,
        "Buy": 0.012608538381755352
    },
    "LT.NS": {
        "Sell": 0.9478626251220703,
        "Hold": 0.047344814985990524,
        "Buy": 0.00479249469935894
    },
    "BHARTIARTL.NS": {
        "Sell": 0.932316780090332,
        "Hold": 0.06090935692191124,
        "Buy": 0.006773801986128092
    },
    "SBIN.NS": {
        "Sell": 0.9505566358566284,
        "Hold": 0.04547901079058647,
        "Buy": 0.003964289557188749
    },
    "HINDUNILVR.NS": {
        "Sell": 0.9381664395332336,
        "Hold": 0.05536140501499176,
        "Buy": 0.006472085602581501
    },
    "M&M.NS": {
        "Sell": 0.9507309794425964,
        "Hold": 0.04357683286070824,
        "Buy": 0.005692228674888611
    },
    "MARUTI.NS": {
        "Sell": 0.9174014925956726,
        "Hold": 0.07381422072649002,
        "Buy": 0.008784313686192036
    },
    "SUNPHARMA.NS": {
        "Sell": 0.8945996761322021,
        "Hold": 0.09590918570756912,
        "Buy": 0.009491076692938805
    },
    "TATASTEEL.NS": {
        "Sell": 0.9784882068634033,
        "Hold": 0.019469574093818665,
        "Buy": 0.0020421722438186407
    },
    "BAJFINANCE.NS": {
        "Sell": 0.8856446146965027,
        "Hold": 0.10037610679864883,
        "Buy": 0.013979269191622734
    },
    "NTPC.NS": {
        "Sell": 0.8715656399726868,
        "Hold": 0.11445363610982895,
        "Buy": 0.013980829156935215
    },
    "ONGC.NS": {
        "Sell": 0.9066706299781799,
        "Hold": 0.08136080950498581,
        "Buy": 0.011968685314059258
    },
    "ASIANPAINT.NS": {
        "Sell": 0.9470568299293518,
        "Hold": 0.047576963901519775,
        "Buy": 0.005366199184209108
    },
    "TITAN.NS": {
        "Sell": 0.9621859788894653,
        "Hold": 0.033892370760440826,
        "Buy": 0.003921600058674812
    },
    "ULTRACEMCO.NS": {
        "Sell": 0.9045208692550659,
        "Hold": 0.08625081926584244,
        "Buy": 0.009228337556123734
    },
    "WIPRO.NS": {
        "Sell": 0.9851773381233215,
        "Hold": 0.013102948665618896,
        "Buy": 0.0017196631524711847
    },
    "HCLTECH.NS": {
        "Sell": 0.9799512624740601,
        "Hold": 0.01735459454357624,
        "Buy": 0.0026941823307424784
    },
    "KOTAKBANK.NS": {
        "Sell": 0.8895560503005981,
        "Hold": 0.09749089926481247,
        "Buy": 0.012952947057783604
    },
    "AXISBANK.NS": {
        "Sell": 0.7736272215843201,
        "Hold": 0.20108573138713837,
        "Buy": 0.025287095457315445
    },
    "POWERGRID.NS": {
        "Sell": 0.9000045657157898,
        "Hold": 0.09117498993873596,
        "Buy": 0.008820432238280773
    },
    "BPCL.NS": {
        "Sell": 0.9762222170829773,
        "Hold": 0.020821772515773773,
        "Buy": 0.0029560872353613377
    },
    "GRASIM.NS": {
        "Sell": 0.9232954978942871,
        "Hold": 0.06888148188591003,
        "Buy": 0.007823040708899498
    },
    "JSWSTEEL.NS": {
        "Sell": 0.9773136973381042,
        "Hold": 0.02010757103562355,
        "Buy": 0.0025787539780139923
    },
    "ADANIPORTS.NS": {
        "Sell": 0.970524251461029,
        "Hold": 0.026429297402501106,
        "Buy": 0.0030464576557278633
    },
    "INDUSINDBK.NS": {
        "Sell": 0.9750855565071106,
        "Hold": 0.022390583530068398,
        "Buy": 0.002523877425119281
    },
    "DRREDDY.NS": {
        "Sell": 0.6804016828536987,
        "Hold": 0.28115716576576233,
        "Buy": 0.03844122961163521
    },
    "CIPLA.NS": {
        "Sell": 0.2738173305988312,
        "Hold": 0.5795264840126038,
        "Buy": 0.14665617048740387
    },
    "EICHERMOT.NS": {
        "Sell": 0.7739963531494141,
        "Hold": 0.198330357670784,
        "Buy": 0.02767326310276985
    },
    "APOLLOHOSP.NS": {
        "Sell": 0.9317169189453125,
        "Hold": 0.06270907819271088,
        "Buy": 0.005574066657572985
    },
    "DIVISLAB.NS": {
        "Sell": 0.8489838242530823,
        "Hold": 0.1325327754020691,
        "Buy": 0.0184833612293005
    },
    "TATACONSUM.NS": {
        "Sell": 0.9530136585235596,
        "Hold": 0.04154521971940994,
        "Buy": 0.005441183224320412
    },
    "BRITANNIA.NS": {
        "Sell": 0.9196653962135315,
        "Hold": 0.07328712940216064,
        "Buy": 0.007047564256936312
    },
    "BAJAJ-AUTO.NS": {
        "Sell": 0.9666440486907959,
        "Hold": 0.03048938885331154,
        "Buy": 0.0028666250873357058
    },
    "HEROMOTOCO.NS": {
        "Sell": 0.9188790321350098,
        "Hold": 0.07308921962976456,
        "Buy": 0.008031871169805527
    },
    "TECHM.NS": {
        "Sell": 0.9793606400489807,
        "Hold": 0.017890583723783493,
        "Buy": 0.00274874409660697
    },
    "FEDERALBNK.NS": {
        "Sell": 0.9512704014778137,
        "Hold": 0.04389255493879318,
        "Buy": 0.004836940206587315
    },
    "PNB.NS": {
        "Sell": 0.9593576788902283,
        "Hold": 0.036845263093709946,
        "Buy": 0.0037971693091094494
    },
    "BANKBARODA.NS": {
        "Sell": 0.9708975553512573,
        "Hold": 0.02558797597885132,
        "Buy": 0.003514285897836089
    },
    "CANBK.NS": {
        "Sell": 0.9848020672798157,
        "Hold": 0.013416714034974575,
        "Buy": 0.0017813313752412796
    },
    "IOB.NS": {
        "Sell": 0.9896875023841858,
        "Hold": 0.009239763021469116,
        "Buy": 0.0010728493798524141
    },
    "UNIONBANK.NS": {
        "Sell": 0.9431571364402771,
        "Hold": 0.05126417428255081,
        "Buy": 0.0055787102319300175
    },
    "CHOLAFIN.NS": {
        "Sell": 0.8255229592323303,
        "Hold": 0.15146425366401672,
        "Buy": 0.023012783378362656
    },
    "M&MFIN.NS": {
        "Sell": 0.9316202998161316,
        "Hold": 0.06006457284092903,
        "Buy": 0.008315064944326878
    },
    "PFC.NS": {
        "Sell": 0.9442247152328491,
        "Hold": 0.04960768297314644,
        "Buy": 0.006167570129036903
    },
    "LICHSGFIN.NS": {
        "Sell": 0.942123532295227,
        "Hold": 0.052227556705474854,
        "Buy": 0.005648987367749214
    },
    "PERSISTENT.NS": {
        "Sell": 0.9692463874816895,
        "Hold": 0.0258114542812109,
        "Buy": 0.004942180588841438
    },
    "MPHASIS.NS": {
        "Sell": 0.9709315896034241,
        "Hold": 0.024961911141872406,
        "Buy": 0.00410653930157423
    },
    "OFSS.NS": {
        "Sell": 0.5993750691413879,
        "Hold": 0.3159496784210205,
        "Buy": 0.08467534184455872
    },
    "TATAELXSI.NS": {
        "Sell": 0.9002007246017456,
        "Hold": 0.0862627774477005,
        "Buy": 0.01353643648326397
    },
    "ASHOKLEY.NS": {
        "Sell": 0.9652817249298096,
        "Hold": 0.03065286949276924,
        "Buy": 0.004065497312694788
    },
    "TVSMOTOR.NS": {
        "Sell": 0.8979054689407349,
        "Hold": 0.09104576706886292,
        "Buy": 0.01104878168553114
    },
    "ESCORTS.NS": {
        "Sell": 0.7238279581069946,
        "Hold": 0.23388542234897614,
        "Buy": 0.04228658601641655
    },
    "BHARATFORG.NS": {
        "Sell": 0.8011550903320312,
        "Hold": 0.16828812658786774,
        "Buy": 0.03055668994784355
    },
    "BOSCHLTD.NS": {
        "Sell": 0.8931214809417725,
        "Hold": 0.09566674381494522,