{
    "RELIANCE.NS": {
        "Sell": 0.8860437870025635,
        "Hold": 0.10216758400201797,
        "Buy": 0.011788514442741871
    },
    "TCS.NS": {
        "Sell": 0.9251178503036499,
        "Hold": 0.06423088163137436,
        "Buy": 0.010651178658008575
    },
    "HDFCBANK.NS": {
        "Sell": 0.9577583074569702,
        "Hold": 0.038801293820142746,
        "Buy": 0.003440450644120574
    },
    "ICICIBANK.NS": {
        "Sell": 0.8316366076469421,
        "Hold": 0.1467999666929245,
        "Buy": 0.021563416346907616
    },
    "INFY.NS": {
        "Sell": 0.9194357395172119,
        "Hold": 0.06977634876966476,
        "Buy": 0.01078792754560709
    },
    "ITC.NS": {
        "Sell": 0.7728654742240906,
        "Hold": 0.20400163531303406,
        "Buy": 0.023132961243391037
    },
    "LT.NS": {
        "Sell": 0.8848153352737427,
        "Hold": 0.1041361391544342,
        "Buy": 0.011048516258597374
    },
    "BHARTIARTL.NS": {
        "Sell": 0.9669645428657532,
        "Hold": 0.030350934714078903,
        "Buy": 0.0026845987886190414
    },
    "SBIN.NS": {
        "Sell": 0.41878724098205566,
        "Hold": 0.4824417233467102,
        "Buy": 0.09877105802297592
    },
    "HINDUNILVR.NS": {
        "Sell": 0.9358548521995544,
        "Hold": 0.05884262174367905,
        "Buy": 0.00530256750062108
    },
    "M&M.NS": {
        "Sell": 0.7508919835090637,
        "Hold": 0.21815165877342224,
        "Buy": 0.030956406146287918
    },
    "MARUTI.NS": {
        "Sell": 0.9027377963066101,
        "Hold": 0.08744024485349655,
        "Buy": 0.009822001680731773
    },
    "SUNPHARMA.NS": {
        "Sell": 0.9542579650878906,
        "Hold": 0.04232392460107803,
        "Buy": 0.003418099833652377
    },
    "TATASTEEL.NS": {
        "Sell": 0.9684967398643494,
        "Hold": 0.028721919283270836,
        "Buy": 0.002781381132081151
    },
    "BAJFINANCE.NS": {
        "Sell": 0.5265200138092041,
        "Hold": 0.3755921423435211,
        "Buy": 0.09788788855075836
    },
    "NTPC.NS": {
        "Sell": 0.9463379979133606,
        "Hold": 0.04811089485883713,
        "Buy": 0.005550996866077185
    },
    "ONGC.NS": {
        "Sell": 0.9496079087257385,
        "Hold": 0.04613569751381874,
        "Buy": 0.004256431479007006
    },
    "ASIANPAINT.NS": {
        "Sell": 0.8968214988708496,
        "Hold": 0.09369034320116043,
        "Buy": 0.00948819424957037
    },
    "TITAN.NS": {
        "Sell": 0.8991433382034302,
        "Hold": 0.09101048856973648,
        "Buy": 0.009846254251897335
    },
    "ULTRACEMCO.NS": {
        "Sell": 0.7743790745735168,
        "Hold": 0.2029242366552353,
        "Buy": 0.02269670180976391
    },
    "WIPRO.NS": {
        "Sell": 0.9183509349822998,
        "Hold": 0.07255323976278305,
        "Buy": 0.009095828048884869
    },
    "HCLTECH.NS": {
        "Sell": 0.12616004049777985,
        "Hold": 0.4463938772678375,
        "Buy": 0.42744606733322144
    },
    "KOTAKBANK.NS": {
        "Sell": 0.8394312262535095,
        "Hold": 0.1403786540031433,
        "Buy": 0.020190153270959854
    },
    "AXISBANK.NS": {
        "Sell": 0.9783177971839905,
        "Hold": 0.019643601030111313,
        "Buy": 0.0020385400857776403
    },
    "POWERGRID.NS": {
        "Sell": 0.9325180649757385,
        "Hold": 0.06096716225147247,
        "Buy": 0.00651486637070775
    },
    "BPCL.NS": {
        "Sell": 0.7219621539115906,
        "Hold": 0.23863087594509125,
        "Buy": 0.03940689563751221
    },
    "GRASIM.NS": {
        "Sell": 0.8808733820915222,
        "Hold": 0.10714192688465118,
        "Buy": 0.011984613724052906
    },
    "JSWSTEEL.NS": {
        "Sell": 0.946273922920227,
        "Hold": 0.049043260514736176,
        "Buy": 0.004682798869907856
    },
    "ADANIPORTS.NS": {
        "Sell": 0.9451375007629395,
        "Hold": 0.049824927002191544,
        "Buy": 0.005037630908191204
    },
    "INDUSINDBK.NS": {
        "Sell": 0.6456540822982788,
        "Hold": 0.3006817400455475,
        "Buy": 0.053664080798625946
    },
    "DRREDDY.NS": {
        "Sell": 0.9883068799972534,
        "Hold": 0.010544538497924805,
        "Buy": 0.0011484420392662287
    },
    "CIPLA.NS": {
        "Sell": 0.963029146194458,
        "Hold": 0.0330624021589756,
        "Buy": 0.003908398095518351
    },
    "EICHERMOT.NS": {
        "Sell": 0.8466933369636536,
        "Hold": 0.13841888308525085,
        "Buy": 0.014887867495417595
    },
    "APOLLOHOSP.NS": {
        "Sell": 0.9729462265968323,
        "Hold": 0.024830138310790062,
        "Buy": 0.0022236004006117582
    },
    "DIVISLAB.NS": {
        "Sell": 0.9725610613822937,
        "Hold": 0.024707075208425522,
        "Buy": 0.0027318319771438837
    },
    "TATACONSUM.NS": {
        "Sell": 0.9461256265640259,
        "Hold": 0.049232374876737595,
        "Buy": 0.004642021376639605
    },
    "BRITANNIA.NS": {
        "Sell": 0.6690086722373962,
        "Hold": 0.2893340587615967,
        "Buy": 0.04165729880332947
    },
    "BAJAJ-AUTO.NS": {
        "Sell": 0.39959535002708435,
        "Hold": 0.505905032157898,
        "Buy": 0.09449953585863113
    },
    "HEROMOTOCO.NS": {
        "Sell": 0.7562904953956604,
        "Hold": 0.21468226611614227,
        "Buy": 0.029027234762907028
    },
    "TECHM.NS": {
        "Sell": 0.49187931418418884,
        "Hold": 0.3931116461753845,
        "Buy": 0.1150091290473938
    },
    "FEDERALBNK.NS": {
        "Sell": 0.4730745255947113,
        "Hold": 0.4346983730792999,
        "Buy": 0.0922270268201828
    },
    "PNB.NS": {
        "Sell": 0.432461142539978,
        "Hold": 0.46127691864967346,
        "Buy": 0.10626187920570374
    },
    "BANKBARODA.NS": {
        "Sell": 0.5962412357330322,
        "Hold": 0.33310097455978394,
        "Buy": 0.07065780460834503
    },
    "CANBK.NS": {
        "Sell": 0.552264928817749,
        "Hold": 0.3542397618293762,
        "Buy": 0.09349528700113297
    },
    "IOB.NS": {
        "Sell": 0.48562783002853394,
        "Hold": 0.43998658657073975,
        "Buy": 0.07438556849956512
    },
    "UNIONBANK.NS": {
        "Sell": 0.8375529050827026,
        "Hold": 0.12596526741981506,
        "Buy": 0.036481745541095734
    },
    "CHOLAFIN.NS": {
        "Sell": 0.8314685225486755,
        "Hold": 0.1438763439655304,
        "Buy": 0.02465507574379444
    },
    "M&MFIN.NS": {
        "Sell": 0.8307948708534241,
        "Hold": 0.13836334645748138,
        "Buy": 0.030841730535030365
    },
    "PFC.NS": {
        "Sell": 0.9510750770568848,
        "Hold": 0.04384179413318634,
        "Buy": 0.005083097144961357
    },
    "LICHSGFIN.NS": {
        "Sell": 0.9231894612312317,
        "Hold": 0.06932490319013596,
        "Buy": 0.007485558278858662
    },
    "PERSISTENT.NS": {
        "Sell": 0.7994852662086487,
        "Hold": 0.16252677142620087,
        "Buy": 0.03798798844218254
    },
    "MPHASIS.NS": {
        "Sell": 0.8558988571166992,
        "Hold": 0.11810966581106186,
        "Buy": 0.025991495698690414
    },
    "OFSS.NS": {
        "Sell": 0.8579760789871216,
        "Hold": 0.11701737344264984,
        "Buy": 0.025006530806422234
    },
    "TATAELXSI.NS": {
        "Sell": 0.8637998700141907,
        "Hold": 0.11258623003959656,
        "Buy": 0.023613998666405678
    },
    "ASHOKLEY.NS": {
        "Sell": 0.8742169141769409,
        "Hold": 0.10618727654218674,
        "Buy": 0.019595829769968987
    },
    "TVSMOTOR.NS": {
        "Sell": 0.9149130582809448,
        "Hold": 0.07400534301996231,
        "Buy": 0.01108154933899641
    },
    "ESCORTS.NS": {
        "Sell": 0.7708396315574646,
        "Hold": 0.19853296875953674,
        "Buy": 0.030627351254224777
    },
    "BHARATFORG.NS": {
        "Sell": 0.7319744825363159,
        "Hold": 0.2096504271030426,
        "Buy": 0.05837497115135193
    },
    "BOSCHLTD.NS": {
        "Sell": 0.962742030620575,
        "Hold": 0.03364972770214081,