{
    "RELIANCE.NS": {
        "Sell": 0.9714488983154297,
        "Hold": 0.02613731101155281,
        "Buy": 0.0024136898573487997
    },
    "TCS.NS": {
        "Sell": 0.4872943162918091,
        "Hold": 0.41257885098457336,
        "Buy": 0.10012685507535934
    },
    "HDFCBANK.NS": {
        "Sell": 0.7970364093780518,
        "Hold": 0.17780941724777222,
        "Buy": 0.02515423111617565
    },
    "ICICIBANK.NS": {
        "Sell": 0.9081546068191528,
        "Hold": 0.08310633152723312,
        "Buy": 0.008738969452679157
    },
    "INFY.NS": {
        "Sell": 0.36978766322135925,
        "Hold": 0.47978249192237854,
        "Buy": 0.1504298895597458
    },
    "ITC.NS": {
        "Sell": 0.9750897288322449,
        "Hold": 0.022919483482837677,
        "Buy": 0.0019908365793526173
    },
    "LT.NS": {
        "Sell": 0.9686359167098999,
        "Hold": 0.028626302257180214,
        "Buy": 0.0027378478553146124
    },
    "BHARTIARTL.NS": {
        "Sell": 0.9299104809761047,
        "Hold": 0.06333798915147781,
        "Buy": 0.006751526612788439
    },
    "SBIN.NS": {
        "Sell": 0.9849180579185486,
        "Hold": 0.013684251345694065,
        "Buy": 0.0013976976042613387
    },
    "HINDUNILVR.NS": {
        "Sell": 0.9740391373634338,
        "Hold": 0.02384723164141178,
        "Buy": 0.00211365707218647
    },
    "M&M.NS": {
        "Sell": 0.927805483341217,
        "Hold": 0.06477008014917374,
        "Buy": 0.00742439366877079
    },
    "MARUTI.NS": {
        "Sell": 0.9698160290718079,
        "Hold": 0.027029668912291527,
        "Buy": 0.0031542987562716007
    },
    "SUNPHARMA.NS": {
        "Sell": 0.8965073823928833,
        "Hold": 0.09429053217172623,
        "Buy": 0.009202107787132263
    },
    "TATASTEEL.NS": {
        "Sell": 0.7860617637634277,
        "Hold": 0.19213855266571045,
        "Buy": 0.021799640730023384
    },
    "BAJFINANCE.NS": {
        "Sell": 0.9171028733253479,
        "Hold": 0.07157029211521149,
        "Buy": 0.011326857842504978
    },
    "NTPC.NS": {
        "Sell": 0.9617778062820435,
        "Hold": 0.034813713282346725,
        "Buy": 0.003408348187804222
    },
    "ONGC.NS": {
        "Sell": 0.8449016809463501,
        "Hold": 0.13447068631649017,
        "Buy": 0.020627636462450027
    },
    "ASIANPAINT.NS": {
        "Sell": 0.9835352897644043,
        "Hold": 0.015004145912826061,
        "Buy": 0.0014605651376768947
    },
    "TITAN.NS": {
        "Sell": 0.7685031294822693,
        "Hold": 0.20097312331199646,
        "Buy": 0.030523817986249924
    },
    "ULTRACEMCO.NS": {
        "Sell": 0.9638809561729431,
        "Hold": 0.0332188755273819,
        "Buy": 0.0029002123046666384
    },
    "WIPRO.NS": {
        "Sell": 0.9048899412155151,
        "Hold": 0.0842093825340271,
        "Buy": 0.010900575667619705
    },
    "HCLTECH.NS": {
        "Sell": 0.04859001189470291,
        "Hold": 0.398781955242157,
        "Buy": 0.5526280999183655
    },
    "KOTAKBANK.NS": {
        "Sell": 0.9928058385848999,
        "Hold": 0.00647608982399106,
        "Buy": 0.0007180066895671189
    },
    "AXISBANK.NS": {
        "Sell": 0.9874486923217773,
        "Hold": 0.011214867234230042,
        "Buy": 0.0013364020269364119
    },
    "POWERGRID.NS": {
        "Sell": 0.9654128551483154,
        "Hold": 0.03151484206318855,
        "Buy": 0.0030722639057785273
    },
    "BPCL.NS": {
        "Sell": 0.8719490170478821,
        "Hold": 0.11076146364212036,
        "Buy": 0.017289448529481888
    },
    "GRASIM.NS": {
        "Sell": 0.9582175016403198,
        "Hold": 0.03821493312716484,
        "Buy": 0.003567637875676155
    },
    "JSWSTEEL.NS": {
        "Sell": 0.762137770652771,
        "Hold": 0.21470339596271515,
        "Buy": 0.023158811032772064
    },
    "ADANIPORTS.NS": {
        "Sell": 0.9844459295272827,
        "Hold": 0.013708392158150673,
        "Buy": 0.00184579286724329
    },
    "INDUSINDBK.NS": {
        "Sell": 0.8424675464630127,
        "Hold": 0.13845489919185638,
        "Buy": 0.019077612087130547
    },
    "DRREDDY.NS": {
        "Sell": 0.7867960333824158,
        "Hold": 0.1841302514076233,
        "Buy": 0.029073799028992653
    },
    "CIPLA.NS": {
        "Sell": 0.9327859878540039,
        "Hold": 0.06013839319348335,
        "Buy": 0.007075549103319645
    },
    "EICHERMOT.NS": {
        "Sell": 0.8368495106697083,
        "Hold": 0.1470978707075119,
        "Buy": 0.016052477061748505
    },
    "APOLLOHOSP.NS": {
        "Sell": 0.8323513865470886,
        "Hold": 0.1505766212940216,
        "Buy": 0.01707184873521328
    },
    "DIVISLAB.NS": {
        "Sell": 0.827228307723999,
        "Hold": 0.15438655018806458,
        "Buy": 0.018385177478194237
    },
    "TATACONSUM.NS": {
        "Sell": 0.9199593663215637,
        "Hold": 0.07267444580793381,
        "Buy": 0.0073661901988089085
    },
    "BRITANNIA.NS": {
        "Sell": 0.9387821555137634,
        "Hold": 0.05572802573442459,
        "Buy": 0.005489773582667112
    },
    "BAJAJ-AUTO.NS": {
        "Sell": 0.9441678524017334,
        "Hold": 0.050440769642591476,
        "Buy": 0.005391416139900684
    },
    "HEROMOTOCO.NS": {
        "Sell": 0.9059908986091614,
        "Hold": 0.0837862640619278,
        "Buy": 0.010222788900136948
    },
    "TECHM.NS": {
        "Sell": 0.11618591099977493,
        "Hold": 0.5503495335578918,
        "Buy": 0.33346447348594666
    },
    "FEDERALBNK.NS": {
        "Sell": 0.9545828700065613,
        "Hold": 0.04006903991103172,
        "Buy": 0.005347875878214836
    },
    "PNB.NS": {
        "Sell": 0.9887990355491638,
        "Hold": 0.009968469850718975,
        "Buy": 0.0012324880808591843
    },
    "BANKBARODA.NS": {
        "Sell": 0.9938172101974487,
        "Hold": 0.0054514105431735516,
        "Buy": 0.0007314378744922578
    },
    "CANBK.NS": {
        "Sell": 0.982671856880188,
        "Hold": 0.015409169718623161,
        "Buy": 0.0019188901642337441
    },
    "IOB.NS": {
        "Sell": 0.9628370404243469,
        "Hold": 0.03389165177941322,
        "Buy": 0.0032713531982153654
    },
    "UNIONBANK.NS": {
        "Sell": 0.9920582175254822,
        "Hold": 0.007031901739537716,
        "Buy": 0.0009099444723688066
    },
    "CHOLAFIN.NS": {
        "Sell": 0.9289122223854065,
        "Hold": 0.06352556496858597,
        "Buy": 0.007562160957604647
    },
    "M&MFIN.NS": {
        "Sell": 0.7540206909179688,
        "Hold": 0.20752586424350739,
        "Buy": 0.03845350444316864
    },
    "PFC.NS": {
        "Sell": 0.9913265109062195,
        "Hold": 0.007692017126828432,
        "Buy": 0.0009814590448513627
    },
    "LICHSGFIN.NS": {
        "Sell": 0.9159337878227234,
        "Hold": 0.07420620322227478,
        "Buy": 0.009859953075647354
    },
    "PERSISTENT.NS": {
        "Sell": 0.3481126129627228,
        "Hold": 0.5341652035713196,
        "Buy": 0.11772209405899048
    },
    "MPHASIS.NS": {
        "Sell": 0.12205836176872253,
        "Hold": 0.5638349056243896,
        "Buy": 0.31410667300224304
    },
    "OFSS.NS": {
        "Sell": 0.8834736943244934,
        "Hold": 0.1006249263882637,
        "Buy": 0.01590130478143692
    },
    "TATAELXSI.NS": {
        "Sell": 0.10166443139314651,
        "Hold": 0.5779802799224854,
        "Buy": 0.32035526633262634
    },
    "ASHOKLEY.NS": {
        "Sell": 0.9740048050880432,
        "Hold": 0.02247707173228264,
        "Buy": 0.0035180046688765287
    },
    "TVSMOTOR.NS": {
        "Sell": 0.7459932565689087,
        "Hold": 0.21864469349384308,
        "Buy": 0.03536204248666763
    },
    "ESCORTS.NS": {
        "Sell": 0.892028272151947,
        "Hold": 0.09476815164089203,
        "Buy": 0.013203611597418785
    },
    "BHARATFORG.NS": {
        "Sell": 0.7999305129051208,
        "Hold": 0.16603021323680878,
        "Buy": 0.03403927758336067
    },
    "BOSCHLTD.NS": {
        "Sell": 0.9628617167472839,
        "Hold": 0.03320811316370964,