{
    "RELIANCE.NS": {
        "Sell": 0.9653548002243042,
        "Hold": 0.030940528959035873,
        "Buy": 0.003704541129991412
    },
    "TCS.NS": {
        "Sell": 0.9529171586036682,
        "Hold": 0.04270734265446663,
        "Buy": 0.004375491291284561
    },
    "HDFCBANK.NS": {
        "Sell": 0.9327355027198792,
        "Hold": 0.059458211064338684,
        "Buy": 0.007806302979588509
    },
    "ICICIBANK.NS": {
        "Sell": 0.7580918669700623,
        "Hold": 0.2092425525188446,
        "Buy": 0.03266557306051254
    },
    "INFY.NS": {
        "Sell": 0.9897578358650208,
        "Hold": 0.00904921069741249,
        "Buy": 0.0011929783504456282
    },
    "ITC.NS": {
        "Sell": 0.9054941534996033,
        "Hold": 0.08500970155000687,
        "Buy": 0.009496200829744339
    },
    "LT.NS": {
        "Sell": 0.98000168800354,
        "Hold": 0.01806512475013733,
        "Buy": 0.0019331553485244513
    },
    "BHARTIARTL.NS": {
        "Sell": 0.8862857818603516,
        "Hold": 0.10056713223457336,
        "Buy": 0.01314709335565567
    },
    "SBIN.NS": {
        "Sell": 0.9206048250198364,
        "Hold": 0.07213738560676575,
        "Buy": 0.007257827557623386
    },
    "HINDUNILVR.NS": {
        "Sell": 0.8162809610366821,
        "Hold": 0.1624423712491989,
        "Buy": 0.02127663418650627
    },
    "M&M.NS": {
        "Sell": 0.9850966334342957,
        "Hold": 0.013147986494004726,
        "Buy": 0.0017553818179294467
    },
    "MARUTI.NS": {
        "Sell": 0.9926575422286987,
        "Hold": 0.006528371945023537,
        "Buy": 0.000814017083030194
    },
    "SUNPHARMA.NS": {
        "Sell": 0.856252908706665,
        "Hold": 0.13008074462413788,
        "Buy": 0.013666301034390926
    },
    "TATASTEEL.NS": {
        "Sell": 0.945315420627594,
        "Hold": 0.0491655133664608,
        "Buy": 0.0055190687999129295
    },
    "BAJFINANCE.NS": {
        "Sell": 0.9547579288482666,
        "Hold": 0.04021195322275162,
        "Buy": 0.005030155181884766
    },
    "NTPC.NS": {
        "Sell": 0.3664734661579132,
        "Hold": 0.5192384123802185,
        "Buy": 0.11428817361593246
    },
    "ONGC.NS": {
        "Sell": 0.916004478931427,
        "Hold": 0.07528890669345856,
        "Buy": 0.008706536144018173
    },
    "ASIANPAINT.NS": {
        "Sell": 0.9289007186889648,
        "Hold": 0.06391351670026779,
        "Buy": 0.007185703609138727
    },
    "TITAN.NS": {
        "Sell": 0.942705512046814,
        "Hold": 0.05161117762327194,
        "Buy": 0.00568323815241456
    },
    "ULTRACEMCO.NS": {
        "Sell": 0.9828746318817139,
        "Hold": 0.015326734632253647,
        "Buy": 0.0017985992599278688
    },
    "WIPRO.NS": {
        "Sell": 0.9601578116416931,
        "Hold": 0.03597173094749451,
        "Buy": 0.003870496992021799
    },
    "HCLTECH.NS": {
        "Sell": 0.9327375888824463,
        "Hold": 0.060926321893930435,
        "Buy": 0.006336088292300701
    },
    "KOTAKBANK.NS": {
        "Sell": 0.9704505205154419,
        "Hold": 0.026310386136174202,
        "Buy": 0.0032390314154326916
    },
    "AXISBANK.NS": {
        "Sell": 0.9657008647918701,
        "Hold": 0.03076903335750103,
        "Buy": 0.003530084853991866
    },
    "POWERGRID.NS": {
        "Sell": 0.905085027217865,
        "Hold": 0.08618650585412979,
        "Buy": 0.008728597313165665
    },
    "BPCL.NS": {
        "Sell": 0.9832295179367065,
        "Hold": 0.014593302272260189,
        "Buy": 0.0021770515013486147
    },
    "GRASIM.NS": {
        "Sell": 0.9738876819610596,
        "Hold": 0.023432781919836998,
        "Buy": 0.002679502824321389
    },
    "JSWSTEEL.NS": {
        "Sell": 0.933040976524353,
        "Hold": 0.05955929681658745,
        "Buy": 0.0073998537845909595
    },
    "ADANIPORTS.NS": {
        "Sell": 0.8806229829788208,
        "Hold": 0.1057630255818367,
        "Buy": 0.013613942079246044
    },
    "INDUSINDBK.NS": {
        "Sell": 0.9418134093284607,
        "Hold": 0.05182585120201111,
        "Buy": 0.006360669620335102
    },
    "DRREDDY.NS": {
        "Sell": 0.9574283361434937,
        "Hold": 0.038843318819999695,
        "Buy": 0.003728272160515189
    },
    "CIPLA.NS": {
        "Sell": 0.9608864188194275,
        "Hold": 0.0349900983273983,
        "Buy": 0.004123459104448557
    },
    "EICHERMOT.NS": {
        "Sell": 0.9868746399879456,
        "Hold": 0.01155934203416109,
        "Buy": 0.0015660884091630578
    },
    "APOLLOHOSP.NS": {
        "Sell": 0.9141102433204651,
        "Hold": 0.07767236232757568,
        "Buy": 0.008217351511120796
    },
    "DIVISLAB.NS": {
        "Sell": 0.8412460088729858,
        "Hold": 0.14025014638900757,
        "Buy": 0.018503865227103233
    },
    "TATACONSUM.NS": {
        "Sell": 0.9124029278755188,
        "Hold": 0.07883589714765549,
        "Buy": 0.008761193603277206
    },
    "BRITANNIA.NS": {
        "Sell": 0.9493815302848816,
        "Hold": 0.04653976485133171,
        "Buy": 0.004078698810189962
    },
    "BAJAJ-AUTO.NS": {
        "Sell": 0.8071706295013428,
        "Hold": 0.17420941591262817,
        "Buy": 0.01861993409693241
    },
    "HEROMOTOCO.NS": {
        "Sell": 0.9682250022888184,
        "Hold": 0.028682606294751167,
        "Buy": 0.0030923979356884956
    },
    "TECHM.NS": {
        "Sell": 0.9347397089004517,
        "Hold": 0.05866420269012451,
        "Buy": 0.006596105173230171
    },
    "FEDERALBNK.NS": {
        "Sell": 0.96715247631073,
        "Hold": 0.029278216883540154,
        "Buy": 0.0035692891106009483
    },
    "PNB.NS": {
        "Sell": 0.9564315676689148,
        "Hold": 0.03889898955821991,
        "Buy": 0.0046693854965269566
    },
    "BANKBARODA.NS": {
        "Sell": 0.8799821734428406,
        "Hold": 0.10359536111354828,
        "Buy": 0.01642240583896637
    },
    "CANBK.NS": {
        "Sell": 0.9352012872695923,
        "Hold": 0.057131871581077576,
        "Buy": 0.007666758727282286
    },
    "IOB.NS": {
        "Sell": 0.9310972690582275,
        "Hold": 0.06266607344150543,
        "Buy": 0.006236752029508352
    },
    "UNIONBANK.NS": {
        "Sell": 0.9114988446235657,
        "Hold": 0.07728066295385361,
        "Buy": 0.011220424436032772
    },
    "CHOLAFIN.NS": {
        "Sell": 0.9642567038536072,
        "Hold": 0.03174569457769394,
        "Buy": 0.0039976113475859165
    },
    "M&MFIN.NS": {
        "Sell": 0.9764388799667358,
        "Hold": 0.020144252106547356,
        "Buy": 0.003416823223233223
    },
    "PFC.NS": {
        "Sell": 0.938812255859375,
        "Hold": 0.05453341826796532,
        "Buy": 0.006654268596321344
    },
    "LICHSGFIN.NS": {
        "Sell": 0.9004124402999878,
        "Hold": 0.08548904210329056,
        "Buy": 0.01409850548952818
    },
    "PERSISTENT.NS": {
        "Sell": 0.9701743721961975,
        "Hold": 0.02601192332804203,
        "Buy": 0.003813637886196375
    },
    "MPHASIS.NS": {
        "Sell": 0.9702346324920654,
        "Hold": 0.02585447207093239,
        "Buy": 0.003910836298018694
    },
    "OFSS.NS": {
        "Sell": 0.8958078622817993,
        "Hold": 0.08828680217266083,
        "Buy": 0.015905344858765602
    },
    "TATAELXSI.NS": {
        "Sell": 0.9430965185165405,
        "Hold": 0.050114139914512634,
        "Buy": 0.006789333187043667
    },
    "ASHOKLEY.NS": {
        "Sell": 0.98598712682724,
        "Hold": 0.012156357057392597,
        "Buy": 0.0018565722275525331
    },
    "TVSMOTOR.NS": {
        "Sell": 0.9850370287895203,
        "Hold": 0.013423293828964233,
        "Buy": 0.0015396414091810584
    },
    "ESCORTS.NS": {
        "Sell": 0.9588943123817444,
        "Hold": 0.03622923046350479,
        "Buy": 0.0048764776438474655
    },
    "BHARATFORG.NS": {
        "Sell": 0.9758643507957458,
        "Hold": 0.02099071443080902,
        "Buy": 0.003144917543977499
    },
    "BOSCHLTD.NS": {
        "Sell": 0.8386141657829285,