{
    "RELIANCE.NS": {
        "Sell": 0.9496889114379883,
        "Hold": 0.04583703354001045,
        "Buy": 0.004474041052162647
    },
    "TCS.NS": {
        "Sell": 0.9416239857673645,
        "Hold": 0.05308179557323456,
        "Buy": 0.005294177681207657
    },
    "HDFCBANK.NS": {
        "Sell": 0.9485121965408325,
        "Hold": 0.046308599412441254,
        "Buy": 0.0051791053265333176
    },
    "ICICIBANK.NS": {
        "Sell": 0.9640432596206665,
        "Hold": 0.03228947892785072,
        "Buy": 0.003667291020974517
    },
    "INFY.NS": {
        "Sell": 0.8913954496383667,
        "Hold": 0.09754271805286407,
        "Buy": 0.011061864905059338
    },
    "ITC.NS": {
        "Sell": 0.8951432108879089,
        "Hold": 0.09465652704238892,
        "Buy": 0.010200263001024723
    },
    "LT.NS": {
        "Sell": 0.9776322841644287,
        "Hold": 0.020450033247470856,
        "Buy": 0.0019176783971488476
    },
    "BHARTIARTL.NS": {
        "Sell": 0.9403276443481445,
        "Hold": 0.05414224788546562,
        "Buy": 0.005530120804905891
    },
    "SBIN.NS": {
        "Sell": 0.9237537980079651,
        "Hold": 0.06928536295890808,
        "Buy": 0.006960952654480934
    },
    "HINDUNILVR.NS": {
        "Sell": 0.9059861302375793,
        "Hold": 0.084734708070755,
        "Buy": 0.00927918590605259
    },
    "M&M.NS": {
        "Sell": 0.9128178358078003,
        "Hold": 0.07786984741687775,
        "Buy": 0.00931224599480629
    },
    "MARUTI.NS": {
        "Sell": 0.96836918592453,
        "Hold": 0.028533639386296272,
        "Buy": 0.0030971872620284557
    },
    "SUNPHARMA.NS": {
        "Sell": 0.943797767162323,
        "Hold": 0.05150069668889046,
        "Buy": 0.004701537080109119
    },
    "TATASTEEL.NS": {
        "Sell": 0.9658079743385315,
        "Hold": 0.03073008358478546,
        "Buy": 0.003461935091763735
    },
    "BAJFINANCE.NS": {
        "Sell": 0.9539233446121216,
        "Hold": 0.04169240966439247,
        "Buy": 0.004384277854114771
    },
    "NTPC.NS": {
        "Sell": 0.9285336136817932,
        "Hold": 0.06442528963088989,
        "Buy": 0.007041133940219879
    },
    "ONGC.NS": {
        "Sell": 0.8100561499595642,
        "Hold": 0.16198958456516266,
        "Buy": 0.027954284101724625
    },
    "ASIANPAINT.NS": {
        "Sell": 0.9737399220466614,
        "Hold": 0.02390589751303196,
        "Buy": 0.0023542188573628664
    },
    "TITAN.NS": {
        "Sell": 0.9615022540092468,
        "Hold": 0.035181134939193726,
        "Buy": 0.003316641552373767
    },
    "ULTRACEMCO.NS": {
        "Sell": 0.9546627998352051,
        "Hold": 0.041326601058244705,
        "Buy": 0.004010540898889303
    },
    "WIPRO.NS": {
        "Sell": 0.9547343850135803,
        "Hold": 0.04100317135453224,
        "Buy": 0.0042624520137906075
    },
    "HCLTECH.NS": {
        "Sell": 0.7850034832954407,
        "Hold": 0.1892460733652115,
        "Buy": 0.025750387459993362
    },
    "KOTAKBANK.NS": {
        "Sell": 0.9752119779586792,
        "Hold": 0.022160682827234268,
        "Buy": 0.002627332927659154
    },
    "AXISBANK.NS": {
        "Sell": 0.9801777005195618,
        "Hold": 0.017867393791675568,
        "Buy": 0.001954806037247181
    },
    "POWERGRID.NS": {
        "Sell": 0.8038265705108643,
        "Hold": 0.1736064851284027,
        "Buy": 0.022566936910152435
    },
    "BPCL.NS": {
        "Sell": 0.9642918705940247,
        "Hold": 0.03182555362582207,
        "Buy": 0.0038825231604278088
    },
    "GRASIM.NS": {
        "Sell": 0.9303655624389648,
        "Hold": 0.06211250275373459,
        "Buy": 0.0075218514539301395
    },
    "JSWSTEEL.NS": {
        "Sell": 0.9703306555747986,
        "Hold": 0.02639181911945343,
        "Buy": 0.00327751855365932
    },
    "ADANIPORTS.NS": {
        "Sell": 0.9539754390716553,
        "Hold": 0.04169287532567978,
        "Buy": 0.004331537522375584
    },
    "INDUSINDBK.NS": {
        "Sell": 0.9633046984672546,
        "Hold": 0.0326947458088398,
        "Buy": 0.004000489600002766
    },
    "DRREDDY.NS": {
        "Sell": 0.9596042633056641,
        "Hold": 0.036449965089559555,
        "Buy": 0.003945730160921812
    },
    "CIPLA.NS": {
        "Sell": 0.9819846153259277,
        "Hold": 0.016040107235312462,
        "Buy": 0.0019752983935177326
    },
    "EICHERMOT.NS": {
        "Sell": 0.9025322794914246,
        "Hold": 0.08765095472335815,
        "Buy": 0.009816717356443405
    },
    "APOLLOHOSP.NS": {
        "Sell": 0.963539719581604,
        "Hold": 0.033028267323970795,
        "Buy": 0.003431930672377348
    },
    "DIVISLAB.NS": {
        "Sell": 0.8905305862426758,
        "Hold": 0.09706742316484451,
        "Buy": 0.012401995249092579
    },
    "TATACONSUM.NS": {
        "Sell": 0.8779341578483582,
        "Hold": 0.10739179700613022,
        "Buy": 0.01467412244528532
    },
    "BRITANNIA.NS": {
        "Sell": 0.9279597401618958,
        "Hold": 0.06652714312076569,
        "Buy": 0.005513058975338936
    },
    "BAJAJ-AUTO.NS": {
        "Sell": 0.9322717189788818,
        "Hold": 0.06161889806389809,
        "Buy": 0.006109318230301142
    },
    "HEROMOTOCO.NS": {
        "Sell": 0.9679471850395203,
        "Hold": 0.02928256057202816,
        "Buy": 0.0027702939696609974
    },
    "TECHM.NS": {
        "Sell": 0.7696502208709717,
        "Hold": 0.19388481974601746,
        "Buy": 0.03646499291062355
    },
    "FEDERALBNK.NS": {
        "Sell": 0.9092512726783752,
        "Hold": 0.08086207509040833,
        "Buy": 0.009886696934700012
    },
    "PNB.NS": {
        "Sell": 0.953921377658844,
        "Hold": 0.041319213807582855,
        "Buy": 0.004759251605719328
    },
    "BANKBARODA.NS": {
        "Sell": 0.9383994936943054,
        "Hold": 0.05397683009505272,
        "Buy": 0.007623707409948111
    },
    "CANBK.NS": {
        "Sell": 0.9511454105377197,
        "Hold": 0.04320555180311203,
        "Buy": 0.005649116821587086
    },
    "IOB.NS": {
        "Sell": 0.9277641177177429,
        "Hold": 0.06568640470504761,
        "Buy": 0.006549429148435593
    },
    "UNIONBANK.NS": {
        "Sell": 0.9386616349220276,
        "Hold": 0.05408332869410515,
        "Buy": 0.00725493673235178
    },
    "CHOLAFIN.NS": {
        "Sell": 0.8891916275024414,
        "Hold": 0.09975834935903549,
        "Buy": 0.011050059460103512
    },
    "M&MFIN.NS": {
        "Sell": 0.9772270917892456,
        "Hold": 0.01978648453950882,
        "Buy": 0.002986398758366704
    },
    "PFC.NS": {
        "Sell": 0.9341417551040649,
        "Hold": 0.05898198485374451,
        "Buy": 0.0068762958981096745
    },
    "LICHSGFIN.NS": {
        "Sell": 0.990005373954773,
        "Hold": 0.008777931332588196,
        "Buy": 0.001216691336594522
    },
    "PERSISTENT.NS": {
        "Sell": 0.7681955099105835,
        "Hold": 0.19377866387367249,
        "Buy": 0.03802577033638954
    },
    "MPHASIS.NS": {
        "Sell": 0.8326458930969238,
        "Hold": 0.14296101033687592,
        "Buy": 0.024393156170845032
    },
    "OFSS.NS": {
        "Sell": 0.9504287242889404,
        "Hold": 0.04355791211128235,
        "Buy": 0.006013236008584499
    },
    "TATAELXSI.NS": {
        "Sell": 0.9453437328338623,
        "Hold": 0.04900171980261803,
        "Buy": 0.005654476583003998
    },
    "ASHOKLEY.NS": {
        "Sell": 0.9731546640396118,
        "Hold": 0.02395259588956833,
        "Buy": 0.0028926434461027384
    },
    "TVSMOTOR.NS": {
        "Sell": 0.8173924684524536,
        "Hold": 0.16255052387714386,
        "Buy": 0.02005699835717678
    },
    "ESCORTS.NS": {
        "Sell": 0.9402782917022705,
        "Hold": 0.05305656045675278,
        "Buy": 0.006665196269750595
    },
    "BHARATFORG.NS": {
        "Sell": 0.8043771386146545,
        "Hold": 0.1658601313829422,
        "Buy": 0.029762670397758484
    },
    "BOSCHLTD.NS": {
        "Sell": 0.9743714928627014,
        "Hold": 0.022793130949139595,