{
    "RELIANCE.NS": {
        "Sell": 0.9820597767829895,
        "Hold": 0.016414064913988113,
        "Buy": 0.001526188338175416
    },
    "TCS.NS": {
        "Sell": 0.9966001510620117,
        "Hold": 0.003012924687936902,
        "Buy": 0.0003869266074616462
    },
    "HDFCBANK.NS": {
        "Sell": 0.979808509349823,
        "Hold": 0.018209464848041534,
        "Buy": 0.001982005313038826
    },
    "ICICIBANK.NS": {
        "Sell": 0.7751527428627014,
        "Hold": 0.20021817088127136,
        "Buy": 0.024629047140479088
    },
    "INFY.NS": {
        "Sell": 0.995404839515686,
        "Hold": 0.004071580246090889,
        "Buy": 0.00052355119260028
    },
    "ITC.NS": {
        "Sell": 0.9739387631416321,
        "Hold": 0.023625275120139122,
        "Buy": 0.0024359605740755796
    },
    "LT.NS": {
        "Sell": 0.9665122032165527,
        "Hold": 0.030656475573778152,
        "Buy": 0.002831393852829933
    },
    "BHARTIARTL.NS": {
        "Sell": 0.9399535655975342,
        "Hold": 0.0546046644449234,
        "Buy": 0.005441813264042139
    },
    "SBIN.NS": {
        "Sell": 0.8452025651931763,
        "Hold": 0.138558492064476,
        "Buy": 0.016239002346992493
    },
    "HINDUNILVR.NS": {
        "Sell": 0.9314744472503662,
        "Hold": 0.06287602335214615,
        "Buy": 0.005649386905133724
    },
    "M&M.NS": {
        "Sell": 0.9590142369270325,
        "Hold": 0.03729984536767006,
        "Buy": 0.0036859523970633745
    },
    "MARUTI.NS": {
        "Sell": 0.9618709683418274,
        "Hold": 0.03472960367798805,
        "Buy": 0.0033994601108133793
    },
    "SUNPHARMA.NS": {
        "Sell": 0.9439653158187866,
        "Hold": 0.050667744129896164,
        "Buy": 0.005366926081478596
    },
    "TATASTEEL.NS": {
        "Sell": 0.9812386631965637,
        "Hold": 0.016794146969914436,
        "Buy": 0.001967208692803979
    },
    "BAJFINANCE.NS": {
        "Sell": 0.9259113669395447,
        "Hold": 0.0671970471739769,
        "Buy": 0.006891624536365271
    },
    "NTPC.NS": {
        "Sell": 0.7974046468734741,
        "Hold": 0.18004456162452698,
        "Buy": 0.02255081944167614
    },
    "ONGC.NS": {
        "Sell": 0.9669437408447266,
        "Hold": 0.030423063784837723,
        "Buy": 0.0026332514826208353
    },
    "ASIANPAINT.NS": {
        "Sell": 0.9456073641777039,
        "Hold": 0.04948735982179642,
        "Buy": 0.004905262030661106
    },
    "TITAN.NS": {
        "Sell": 0.9180862307548523,
        "Hold": 0.07534214109182358,
        "Buy": 0.006571614183485508
    },
    "ULTRACEMCO.NS": {
        "Sell": 0.9742467999458313,
        "Hold": 0.02375432476401329,
        "Buy": 0.0019988769199699163
    },
    "WIPRO.NS": {
        "Sell": 0.9955475330352783,
        "Hold": 0.0039164102636277676,
        "Buy": 0.0005360267241485417
    },
    "HCLTECH.NS": {
        "Sell": 0.9931980967521667,
        "Hold": 0.006009467411786318,
        "Buy": 0.0007924633682705462
    },
    "KOTAKBANK.NS": {
        "Sell": 0.9430515170097351,
        "Hold": 0.05166678875684738,
        "Buy": 0.005281711462885141
    },
    "AXISBANK.NS": {
        "Sell": 0.6634463667869568,
        "Hold": 0.29547104239463806,
        "Buy": 0.04108254984021187
    },
    "POWERGRID.NS": {
        "Sell": 0.6715721487998962,
        "Hold": 0.2918953001499176,
        "Buy": 0.036532528698444366
    },
    "BPCL.NS": {
        "Sell": 0.9436967968940735,
        "Hold": 0.05098757520318031,
        "Buy": 0.00531563488766551
    },
    "GRASIM.NS": {
        "Sell": 0.9601995944976807,
        "Hold": 0.03615747392177582,
        "Buy": 0.0036429897882044315
    },
    "JSWSTEEL.NS": {
        "Sell": 0.9848716855049133,
        "Hold": 0.013556832447648048,
        "Buy": 0.0015714934561401606
    },
    "ADANIPORTS.NS": {
        "Sell": 0.9755851030349731,
        "Hold": 0.02197166159749031,
        "Buy": 0.0024432463105767965
    },
    "INDUSINDBK.NS": {
        "Sell": 0.974058210849762,
        "Hold": 0.02346671000123024,
        "Buy": 0.0024750789161771536
    },
    "DRREDDY.NS": {
        "Sell": 0.8584619760513306,
        "Hold": 0.12510886788368225,
        "Buy": 0.01642913743853569
    },
    "CIPLA.NS": {
        "Sell": 0.8227642774581909,
        "Hold": 0.1572980135679245,
        "Buy": 0.019937744364142418
    },
    "EICHERMOT.NS": {
        "Sell": 0.9699276089668274,
        "Hold": 0.02756294049322605,
        "Buy": 0.00250942911952734
    },
    "APOLLOHOSP.NS": {
        "Sell": 0.7964029312133789,
        "Hold": 0.18156762421131134,
        "Buy": 0.022029437124729156
    },
    "DIVISLAB.NS": {
        "Sell": 0.9228430986404419,
        "Hold": 0.06945884972810745,
        "Buy": 0.007698056288063526
    },
    "TATACONSUM.NS": {
        "Sell": 0.9806405305862427,
        "Hold": 0.01736382022500038,
        "Buy": 0.001995611237362027
    },
    "BRITANNIA.NS": {
        "Sell": 0.9276268482208252,
        "Hold": 0.0666760504245758,
        "Buy": 0.0056971050798892975
    },
    "BAJAJ-AUTO.NS": {
        "Sell": 0.9046213626861572,
        "Hold": 0.08614329248666763,
        "Buy": 0.009235390461981297
    },
    "HEROMOTOCO.NS": {
        "Sell": 0.9735926985740662,
        "Hold": 0.023869588971138,
        "Buy": 0.0025377245619893074
    },
    "TECHM.NS": {
        "Sell": 0.9717175364494324,
        "Hold": 0.023972680792212486,
        "Buy": 0.00430983817204833
    },
    "FEDERALBNK.NS": {
        "Sell": 0.8979036211967468,
        "Hold": 0.08924080431461334,
        "Buy": 0.012855412438511848
    },
    "PNB.NS": {
        "Sell": 0.8933887481689453,
        "Hold": 0.09555566310882568,
        "Buy": 0.011055653914809227
    },
    "BANKBARODA.NS": {
        "Sell": 0.9154002070426941,
        "Hold": 0.07613715529441833,
        "Buy": 0.008462595753371716
    },
    "CANBK.NS": {
        "Sell": 0.8992469906806946,
        "Hold": 0.0896131619811058,
        "Buy": 0.01113970298320055
    },
    "IOB.NS": {
        "Sell": 0.918761670589447,
        "Hold": 0.0736817941069603,
        "Buy": 0.007556482218205929
    },
    "UNIONBANK.NS": {
        "Sell": 0.8486356735229492,
        "Hold": 0.13525190949440002,
        "Buy": 0.016112377867102623
    },
    "CHOLAFIN.NS": {
        "Sell": 0.9100974202156067,
        "Hold": 0.07952196896076202,
        "Buy": 0.01038046833127737
    },
    "M&MFIN.NS": {
        "Sell": 0.9697791337966919,
        "Hold": 0.026058584451675415,
        "Buy": 0.004162311553955078
    },
    "PFC.NS": {
        "Sell": 0.34875378012657166,
        "Hold": 0.5389692187309265,
        "Buy": 0.11227693408727646
    },
    "LICHSGFIN.NS": {
        "Sell": 0.8492659330368042,
        "Hold": 0.13188716769218445,
        "Buy": 0.018846813589334488
    },
    "PERSISTENT.NS": {
        "Sell": 0.9771445393562317,
        "Hold": 0.019240574911236763,
        "Buy": 0.0036148366052657366
    },
    "MPHASIS.NS": {
        "Sell": 0.9804844260215759,
        "Hold": 0.01676848903298378,
        "Buy": 0.0027470712084323168
    },
    "OFSS.NS": {
        "Sell": 0.9870924949645996,
        "Hold": 0.011125709861516953,
        "Buy": 0.001781786559149623
    },
    "TATAELXSI.NS": {
        "Sell": 0.9945476651191711,
        "Hold": 0.004862619563937187,
        "Buy": 0.000589759845752269
    },
    "ASHOKLEY.NS": {
        "Sell": 0.9673999547958374,
        "Hold": 0.029391415417194366,
        "Buy": 0.0032085201237350702
    },
    "TVSMOTOR.NS": {
        "Sell": 0.956441342830658,
        "Hold": 0.039131250232458115,
        "Buy": 0.0044273799285292625
    },
    "ESCORTS.NS": {
        "Sell": 0.8309676051139832,
        "Hold": 0.1465245932340622,
        "Buy": 0.02250780537724495
    },
    "BHARATFORG.NS": {
        "Sell": 0.8623731732368469,
        "Hold": 0.12098515033721924,
        "Buy": 0.016641655936837196
    },
    "BOSCHLTD.NS": {
        "Sell": 0.9793827533721924,