{
    "RELIANCE.NS": {
        "Sell": 0.8187907338142395,
        "Hold": 0.1625802367925644,
        "Buy": 0.01862892508506775
    },
    "TCS.NS": {
        "Sell": 0.4318004250526428,
        "Hold": 0.4482599198818207,
        "Buy": 0.11993959546089172
    },
    "HDFCBANK.NS": {
        "Sell": 0.8885331749916077,
        "Hold": 0.0986730083823204,
        "Buy": 0.012793852016329765
    },
    "ICICIBANK.NS": {
        "Sell": 0.7367821335792542,
        "Hold": 0.23314298689365387,
        "Buy": 0.0300748310983181
    },
    "INFY.NS": {
        "Sell": 0.8731691241264343,
        "Hold": 0.10905278474092484,
        "Buy": 0.017778094857931137
    },
    "ITC.NS": {
        "Sell": 0.9436094760894775,
        "Hold": 0.051252152770757675,
        "Buy": 0.005138365086168051
    },
    "LT.NS": {
        "Sell": 0.9252477884292603,
        "Hold": 0.06854414194822311,
        "Buy": 0.006207969971001148
    },
    "BHARTIARTL.NS": {
        "Sell": 0.7932639122009277,
        "Hold": 0.18151900172233582,
        "Buy": 0.025217117741703987
    },
    "SBIN.NS": {
        "Sell": 0.9134103059768677,
        "Hold": 0.07846622914075851,
        "Buy": 0.008123381063342094
    },
    "HINDUNILVR.NS": {
        "Sell": 0.8797152638435364,
        "Hold": 0.10810236632823944,
        "Buy": 0.01218232698738575
    },
    "M&M.NS": {
        "Sell": 0.8731643557548523,
        "Hold": 0.11171399056911469,
        "Buy": 0.01512172818183899
    },
    "MARUTI.NS": {
        "Sell": 0.9257084131240845,
        "Hold": 0.06580574065446854,
        "Buy": 0.008485846221446991
    },
    "SUNPHARMA.NS": {
        "Sell": 0.8466235399246216,
        "Hold": 0.13879162073135376,
        "Buy": 0.014584860764443874
    },
    "TATASTEEL.NS": {
        "Sell": 0.9219813942909241,
        "Hold": 0.0710897371172905,
        "Buy": 0.006928831804543734
    },
    "BAJFINANCE.NS": {
        "Sell": 0.8311351537704468,
        "Hold": 0.14125379920005798,
        "Buy": 0.02761106565594673
    },
    "NTPC.NS": {
        "Sell": 0.9352768659591675,
        "Hold": 0.058285314589738846,
        "Buy": 0.00643771979957819
    },
    "ONGC.NS": {
        "Sell": 0.9447547793388367,
        "Hold": 0.05022811144590378,
        "Buy": 0.005017102230340242
    },
    "ASIANPAINT.NS": {
        "Sell": 0.9182055592536926,
        "Hold": 0.07351523637771606,
        "Buy": 0.00827911775559187
    },
    "TITAN.NS": {
        "Sell": 0.9388689994812012,
        "Hold": 0.05492088571190834,
        "Buy": 0.006210073828697205
    },
    "ULTRACEMCO.NS": {
        "Sell": 0.8164360523223877,
        "Hold": 0.1665460467338562,
        "Buy": 0.01701788604259491
    },
    "WIPRO.NS": {
        "Sell": 0.8596547842025757,
        "Hold": 0.12392208725214005,
        "Buy": 0.016423027962446213
    },
    "HCLTECH.NS": {
        "Sell": 0.7472124695777893,
        "Hold": 0.206777423620224,
        "Buy": 0.04601014032959938
    },
    "KOTAKBANK.NS": {
        "Sell": 0.7822986245155334,
        "Hold": 0.1922360509634018,
        "Buy": 0.025465279817581177
    },
    "AXISBANK.NS": {
        "Sell": 0.8789830803871155,
        "Hold": 0.1075010597705841,
        "Buy": 0.013515948317945004
    },
    "POWERGRID.NS": {
        "Sell": 0.8467147350311279,
        "Hold": 0.1400780826807022,
        "Buy": 0.013207106851041317
    },
    "BPCL.NS": {
        "Sell": 0.7685806155204773,
        "Hold": 0.19409282505512238,
        "Buy": 0.03732653334736824
    },
    "GRASIM.NS": {
        "Sell": 0.9144241213798523,
        "Hold": 0.07764577120542526,
        "Buy": 0.007930063642561436
    },
    "JSWSTEEL.NS": {
        "Sell": 0.6430787444114685,
        "Hold": 0.3117411136627197,
        "Buy": 0.045180127024650574
    },
    "ADANIPORTS.NS": {
        "Sell": 0.7632516026496887,
        "Hold": 0.20849275588989258,
        "Buy": 0.02825571969151497
    },
    "INDUSINDBK.NS": {
        "Sell": 0.7662317752838135,
        "Hold": 0.19625546038150787,
        "Buy": 0.03751273453235626
    },
    "DRREDDY.NS": {
        "Sell": 0.9849801659584045,
        "Hold": 0.013311601243913174,
        "Buy": 0.001708244439214468
    },
    "CIPLA.NS": {
        "Sell": 0.9184947609901428,
        "Hold": 0.07321052998304367,
        "Buy": 0.008294771425426006
    },
    "EICHERMOT.NS": {
        "Sell": 0.9456252455711365,
        "Hold": 0.048314303159713745,
        "Buy": 0.006060389801859856
    },
    "APOLLOHOSP.NS": {
        "Sell": 0.8888044953346252,
        "Hold": 0.10114256292581558,
        "Buy": 0.010052934288978577
    },
    "DIVISLAB.NS": {
        "Sell": 0.6585471034049988,
        "Hold": 0.29702821373939514,
        "Buy": 0.04442470893263817
    },
    "TATACONSUM.NS": {
        "Sell": 0.7585141658782959,
        "Hold": 0.2108597755432129,
        "Buy": 0.03062601014971733
    },
    "BRITANNIA.NS": {
        "Sell": 0.8861417174339294,
        "Hold": 0.10077343136072159,
        "Buy": 0.013084864243865013
    },
    "BAJAJ-AUTO.NS": {
        "Sell": 0.9602979421615601,
        "Hold": 0.03580862283706665,
        "Buy": 0.0038935095071792603
    },
    "HEROMOTOCO.NS": {
        "Sell": 0.8978373408317566,
        "Hold": 0.08995664119720459,
        "Buy": 0.012206098064780235
    },
    "TECHM.NS": {
        "Sell": 0.7699797749519348,
        "Hold": 0.18893562257289886,
        "Buy": 0.04108457639813423
    },
    "FEDERALBNK.NS": {
        "Sell": 0.9035382866859436,
        "Hold": 0.08489438146352768,
        "Buy": 0.011567407287657261
    },
    "PNB.NS": {
        "Sell": 0.620021641254425,
        "Hold": 0.3262593448162079,
        "Buy": 0.05371902137994766
    },
    "BANKBARODA.NS": {
        "Sell": 0.7670288681983948,
        "Hold": 0.20036810636520386,
        "Buy": 0.032603051513433456
    },
    "CANBK.NS": {
        "Sell": 0.40849873423576355,
        "Hold": 0.4700920879840851,
        "Buy": 0.12140914052724838
    },
    "IOB.NS": {
        "Sell": 0.9025256037712097,
        "Hold": 0.08705579489469528,
        "Buy": 0.010418687015771866
    },
    "UNIONBANK.NS": {
        "Sell": 0.05491476133465767,
        "Hold": 0.45035040378570557,
        "Buy": 0.49473485350608826
    },
    "CHOLAFIN.NS": {
        "Sell": 0.714471161365509,
        "Hold": 0.23643982410430908,
        "Buy": 0.04908900707960129
    },
    "M&MFIN.NS": {
        "Sell": 0.9077984094619751,
        "Hold": 0.07813631743192673,
        "Buy": 0.014065259136259556
    },
    "PFC.NS": {
        "Sell": 0.8245403170585632,
        "Hold": 0.1556597799062729,
        "Buy": 0.019799882546067238
    },
    "LICHSGFIN.NS": {
        "Sell": 0.6257922649383545,
        "Hold": 0.3294965922832489,
        "Buy": 0.04471103101968765
    },
    "PERSISTENT.NS": {
        "Sell": 0.46655428409576416,
        "Hold": 0.4148706793785095,
        "Buy": 0.11857503652572632
    },
    "MPHASIS.NS": {
        "Sell": 0.3094315826892853,
        "Hold": 0.4913861155509949,
        "Buy": 0.19918224215507507
    },
    "OFSS.NS": {
        "Sell": 0.7118044495582581,
        "Hold": 0.23296183347702026,
        "Buy": 0.055233731865882874
    },
    "TATAELXSI.NS": {
        "Sell": 0.8041038513183594,
        "Hold": 0.1700868308544159,
        "Buy": 0.02580939419567585
    },
    "ASHOKLEY.NS": {
        "Sell": 0.7361049652099609,
        "Hold": 0.2172497808933258,
        "Buy": 0.046645183116197586
    },
    "TVSMOTOR.NS": {
        "Sell": 0.9115787148475647,
        "Hold": 0.0765133947134018,
        "Buy": 0.011907904408872128
    },
    "ESCORTS.NS": {
        "Sell": 0.8793345093727112,
        "Hold": 0.1052561104297638,
        "Buy": 0.015409357845783234
    },
    "BHARATFORG.NS": {
        "Sell": 0.9158902764320374,
        "Hold": 0.07111183553934097,
        "Buy": 0.012997874990105629
    },
    "BOSCHLTD.NS": {
        "Sell": 0.9436162114143372,
        "Hold": 0.05048248916864395,
        "Buy": 0.005901210475713015
    },