{
    "RELIANCE.NS": {
        "Sell": 0.9592603445053101,
        "Hold": 0.03689340129494667,
        "Buy": 0.0038462644442915916
    },
    "TCS.NS": {
        "Sell": 0.9234347343444824,
        "Hold": 0.06796054542064667,
        "Buy": 0.008604826405644417
    },
    "HDFCBANK.NS": {
        "Sell": 0.9850070476531982,
        "Hold": 0.013426368124783039,
        "Buy": 0.0015665048267692327
    },
    "ICICIBANK.NS": {
        "Sell": 0.9177711009979248,
        "Hold": 0.0735354796051979,
        "Buy": 0.008693339303135872
    },
    "INFY.NS": {
        "Sell": 0.9662346839904785,
        "Hold": 0.029964985325932503,
        "Buy": 0.0038003220688551664
    },
    "ITC.NS": {
        "Sell": 0.9629471302032471,
        "Hold": 0.033723700791597366,
        "Buy": 0.0033292591106146574
    },
    "LT.NS": {
        "Sell": 0.9296977519989014,
        "Hold": 0.06523185223340988,
        "Buy": 0.005070442333817482
    },
    "BHARTIARTL.NS": {
        "Sell": 0.9189319610595703,
        "Hold": 0.07403090596199036,
        "Buy": 0.007037200964987278
    },
    "SBIN.NS": {
        "Sell": 0.9582788348197937,
        "Hold": 0.0372646227478981,
        "Buy": 0.0044565992429852486
    },
    "HINDUNILVR.NS": {
        "Sell": 0.8734634518623352,
        "Hold": 0.11483508348464966,
        "Buy": 0.011701426468789577
    },
    "M&M.NS": {
        "Sell": 0.9300069212913513,
        "Hold": 0.06340892612934113,
        "Buy": 0.006584078073501587
    },
    "MARUTI.NS": {
        "Sell": 0.9842702746391296,
        "Hold": 0.013804726302623749,
        "Buy": 0.0019249675096943974
    },
    "SUNPHARMA.NS": {
        "Sell": 0.9503467082977295,
        "Hold": 0.04554227739572525,
        "Buy": 0.004110971000045538
    },
    "TATASTEEL.NS": {
        "Sell": 0.9270364046096802,
        "Hold": 0.06627053767442703,
        "Buy": 0.006692968308925629
    },
    "BAJFINANCE.NS": {
        "Sell": 0.9396132826805115,
        "Hold": 0.05281558260321617,
        "Buy": 0.00757112680003047
    },
    "NTPC.NS": {
        "Sell": 0.8129661083221436,
        "Hold": 0.16676203906536102,
        "Buy": 0.02027188614010811
    },
    "ONGC.NS": {
        "Sell": 0.8473072648048401,
        "Hold": 0.13967490196228027,
        "Buy": 0.013017827644944191
    },
    "ASIANPAINT.NS": {
        "Sell": 0.9434810876846313,
        "Hold": 0.050919681787490845,
        "Buy": 0.005599202588200569
    },
    "TITAN.NS": {
        "Sell": 0.9511348605155945,
        "Hold": 0.044780805706977844,
        "Buy": 0.004084289073944092
    },
    "ULTRACEMCO.NS": {
        "Sell": 0.9089959263801575,
        "Hold": 0.08062521368265152,
        "Buy": 0.01037892047315836
    },
    "WIPRO.NS": {
        "Sell": 0.9790611863136292,
        "Hold": 0.019057609140872955,
        "Buy": 0.001881133415736258
    },
    "HCLTECH.NS": {
        "Sell": 0.8037031888961792,
        "Hold": 0.16827325522899628,
        "Buy": 0.0280234906822443
    },
    "KOTAKBANK.NS": {
        "Sell": 0.8910517692565918,
        "Hold": 0.09582202881574631,
        "Buy": 0.013126254081726074
    },
    "AXISBANK.NS": {
        "Sell": 0.9783226847648621,
        "Hold": 0.019438492134213448,
        "Buy": 0.0022386980708688498
    },
    "POWERGRID.NS": {
        "Sell": 0.8187377452850342,
        "Hold": 0.16245457530021667,
        "Buy": 0.018807603046298027
    },
    "BPCL.NS": {
        "Sell": 0.9464428424835205,
        "Hold": 0.047218333929777145,
        "Buy": 0.006338794250041246
    },
    "GRASIM.NS": {
        "Sell": 0.8435452580451965,
        "Hold": 0.14004045724868774,
        "Buy": 0.016414247453212738
    },
    "JSWSTEEL.NS": {
        "Sell": 0.681652307510376,
        "Hold": 0.2874237895011902,
        "Buy": 0.03092389926314354
    },
    "ADANIPORTS.NS": {
        "Sell": 0.9479146599769592,
        "Hold": 0.047173261642456055,
        "Buy": 0.004911990836262703
    },
    "INDUSINDBK.NS": {
        "Sell": 0.8368916511535645,
        "Hold": 0.14166459441184998,
        "Buy": 0.021443776786327362
    },
    "DRREDDY.NS": {
        "Sell": 0.9692065119743347,
        "Hold": 0.027826379984617233,
        "Buy": 0.0029671790543943644
    },
    "CIPLA.NS": {
        "Sell": 0.9369449615478516,
        "Hold": 0.056079935282468796,
        "Buy": 0.006975102238357067
    },
    "EICHERMOT.NS": {
        "Sell": 0.8735794425010681,
        "Hold": 0.11243722587823868,
        "Buy": 0.013983297161757946
    },
    "APOLLOHOSP.NS": {
        "Sell": 0.9017550349235535,
        "Hold": 0.08881014585494995,
        "Buy": 0.009434785693883896
    },
    "DIVISLAB.NS": {
        "Sell": 0.9131937623023987,
        "Hold": 0.07728443294763565,
        "Buy": 0.009521710686385632
    },
    "TATACONSUM.NS": {
        "Sell": 0.9330804347991943,
        "Hold": 0.06105857342481613,
        "Buy": 0.005860898643732071
    },
    "BRITANNIA.NS": {
        "Sell": 0.8451499342918396,
        "Hold": 0.13772448897361755,
        "Buy": 0.017125539481639862
    },
    "BAJAJ-AUTO.NS": {
        "Sell": 0.7186492681503296,
        "Hold": 0.2517150044441223,
        "Buy": 0.029635818675160408
    },
    "HEROMOTOCO.NS": {
        "Sell": 0.9067352414131165,
        "Hold": 0.08378501981496811,
        "Buy": 0.009479752741754055
    },
    "TECHM.NS": {
        "Sell": 0.8474813103675842,
        "Hold": 0.13152125477790833,
        "Buy": 0.02099742740392685
    },
    "FEDERALBNK.NS": {
        "Sell": 0.5445743203163147,
        "Hold": 0.3889901340007782,
        "Buy": 0.06643553078174591
    },
    "PNB.NS": {
        "Sell": 0.7893936634063721,
        "Hold": 0.1819109320640564,
        "Buy": 0.028695298358798027
    },
    "BANKBARODA.NS": {
        "Sell": 0.9476835131645203,
        "Hold": 0.04668709263205528,
        "Buy": 0.005629465449601412
    },
    "CANBK.NS": {
        "Sell": 0.9127728343009949,
        "Hold": 0.07598560303449631,
        "Buy": 0.011241745203733444
    },
    "IOB.NS": {
        "Sell": 0.9151390790939331,
        "Hold": 0.07685810327529907,
        "Buy": 0.00800278503447771
    },
    "UNIONBANK.NS": {
        "Sell": 0.6574915647506714,
        "Hold": 0.2642410099506378,
        "Buy": 0.0782674103975296
    },
    "CHOLAFIN.NS": {
        "Sell": 0.9734339118003845,
        "Hold": 0.02304137498140335,
        "Buy": 0.0035246950574219227
    },
    "M&MFIN.NS": {
        "Sell": 0.2122660130262375,
        "Hold": 0.5423348546028137,
        "Buy": 0.24539904296398163
    },
    "PFC.NS": {
        "Sell": 0.7372298240661621,
        "Hold": 0.23071032762527466,
        "Buy": 0.03205978125333786
    },
    "LICHSGFIN.NS": {
        "Sell": 0.9446067214012146,
        "Hold": 0.05006726458668709,
        "Buy": 0.005325999576598406
    },
    "PERSISTENT.NS": {
        "Sell": 0.8555351495742798,
        "Hold": 0.12439213693141937,
        "Buy": 0.02007274702191353
    },
    "MPHASIS.NS": {
        "Sell": 0.9623476266860962,
        "Hold": 0.03212237358093262,
        "Buy": 0.005530030000954866
    },
    "OFSS.NS": {
        "Sell": 0.9820048809051514,
        "Hold": 0.015201743692159653,
        "Buy": 0.0027933672536164522
    },
    "TATAELXSI.NS": {
        "Sell": 0.9711503982543945,
        "Hold": 0.02566467970609665,
        "Buy": 0.0031849322840571404
    },
    "ASHOKLEY.NS": {
        "Sell": 0.9325873255729675,
        "Hold": 0.05817415565252304,
        "Buy": 0.009238475933670998
    },
    "TVSMOTOR.NS": {
        "Sell": 0.2140703648328781,
        "Hold": 0.5862526297569275,
        "Buy": 0.19967709481716156
    },
    "ESCORTS.NS": {
        "Sell": 0.9599413275718689,
        "Hold": 0.03594830632209778,
        "Buy": 0.004110397305339575
    },
    "BHARATFORG.NS": {
        "Sell": 0.8194422721862793,
        "Hold": 0.15297703444957733,
        "Buy": 0.02758064866065979
    },
    "BOSCHLTD.NS": {
        "Sell": 0.8898663520812988,
        "Hold": 0.0969657301902771,