{
    "RELIANCE.NS": {
        "Sell": 0.9758078455924988,
        "Hold": 0.022257858887314796,
        "Buy": 0.001934405998326838
    },
    "TCS.NS": {
        "Sell": 0.9807929396629333,
        "Hold": 0.016980133950710297,
        "Buy": 0.002226943615823984
    },
    "HDFCBANK.NS": {
        "Sell": 0.9529433846473694,
        "Hold": 0.04239031672477722,
        "Buy": 0.004666357766836882
    },
    "ICICIBANK.NS": {
        "Sell": 0.8518657684326172,
        "Hold": 0.13223077356815338,
        "Buy": 0.015903515741229057
    },
    "INFY.NS": {
        "Sell": 0.9820809364318848,
        "Hold": 0.016073741018772125,
        "Buy": 0.0018452208023518324
    },
    "ITC.NS": {
        "Sell": 0.8187785744667053,
        "Hold": 0.1602093130350113,
        "Buy": 0.021012095734477043
    },
    "LT.NS": {
        "Sell": 0.9250496625900269,
        "Hold": 0.06705758720636368,
        "Buy": 0.00789270643144846
    },
    "BHARTIARTL.NS": {
        "Sell": 0.9535278081893921,
        "Hold": 0.04228092357516289,
        "Buy": 0.00419130502268672
    },
    "SBIN.NS": {
        "Sell": 0.8262585997581482,
        "Hold": 0.15519729256629944,
        "Buy": 0.018544204533100128
    },
    "HINDUNILVR.NS": {
        "Sell": 0.4938874840736389,
        "Hold": 0.43619969487190247,
        "Buy": 0.06991281360387802
    },
    "M&M.NS": {
        "Sell": 0.5464878082275391,
        "Hold": 0.3867776095867157,
        "Buy": 0.06673464924097061
    },
    "MARUTI.NS": {
        "Sell": 0.8575347661972046,
        "Hold": 0.12664060294628143,
        "Buy": 0.015824660658836365
    },
    "SUNPHARMA.NS": {
        "Sell": 0.9656590819358826,
        "Hold": 0.03132706880569458,
        "Buy": 0.0030137847643345594
    },
    "TATASTEEL.NS": {
        "Sell": 0.9638324975967407,
        "Hold": 0.032828327268362045,
        "Buy": 0.0033391867764294147
    },
    "BAJFINANCE.NS": {
        "Sell": 0.8407158255577087,
        "Hold": 0.13914428651332855,
        "Buy": 0.02013983018696308
    },
    "NTPC.NS": {
        "Sell": 0.949340283870697,
        "Hold": 0.04595494270324707,
        "Buy": 0.004704682622104883
    },
    "ONGC.NS": {
        "Sell": 0.949199378490448,
        "Hold": 0.046937257051467896,
        "Buy": 0.0038633132353425026
    },
    "ASIANPAINT.NS": {
        "Sell": 0.7929471135139465,
        "Hold": 0.1817978173494339,
        "Buy": 0.025254931300878525
    },
    "TITAN.NS": {
        "Sell": 0.5032683610916138,
        "Hold": 0.4343016445636749,
        "Buy": 0.062430016696453094
    },
    "ULTRACEMCO.NS": {
        "Sell": 0.9469293355941772,
        "Hold": 0.04855716973543167,
        "Buy": 0.004513375926762819
    },
    "WIPRO.NS": {
        "Sell": 0.9866899251937866,
        "Hold": 0.01182051096111536,
        "Buy": 0.0014895936474204063
    },
    "HCLTECH.NS": {
        "Sell": 0.9791479110717773,
        "Hold": 0.01865343190729618,
        "Buy": 0.0021986528299748898
    },
    "KOTAKBANK.NS": {
        "Sell": 0.8978015780448914,
        "Hold": 0.0906514823436737,
        "Buy": 0.011546914465725422
    },
    "AXISBANK.NS": {
        "Sell": 0.9316728115081787,
        "Hold": 0.06227798014879227,
        "Buy": 0.00604920694604516
    },
    "POWERGRID.NS": {
        "Sell": 0.8550199866294861,
        "Hold": 0.131649449467659,
        "Buy": 0.013330555520951748
    },
    "BPCL.NS": {
        "Sell": 0.9396454691886902,
        "Hold": 0.054881397634744644,
        "Buy": 0.005473138764500618
    },
    "GRASIM.NS": {
        "Sell": 0.9529963135719299,
        "Hold": 0.04287293180823326,
        "Buy": 0.004130745772272348
    },
    "JSWSTEEL.NS": {
        "Sell": 0.9767493605613708,
        "Hold": 0.021109895780682564,
        "Buy": 0.0021406495943665504
    },
    "ADANIPORTS.NS": {
        "Sell": 0.8564924597740173,
        "Hold": 0.1275382786989212,
        "Buy": 0.01596927084028721
    },
    "INDUSINDBK.NS": {
        "Sell": 0.8673332333564758,
        "Hold": 0.11791189759969711,
        "Buy": 0.014754855073988438
    },
    "DRREDDY.NS": {
        "Sell": 0.9499160647392273,
        "Hold": 0.045247651636600494,
        "Buy": 0.004836304113268852
    },
    "CIPLA.NS": {
        "Sell": 0.8879625201225281,
        "Hold": 0.10033167898654938,
        "Buy": 0.011705784127116203
    },
    "EICHERMOT.NS": {
        "Sell": 0.923825740814209,
        "Hold": 0.06988602131605148,
        "Buy": 0.006288190837949514
    },
    "APOLLOHOSP.NS": {
        "Sell": 0.8895316123962402,
        "Hold": 0.10032663494348526,
        "Buy": 0.010141756385564804
    },
    "DIVISLAB.NS": {
        "Sell": 0.824163556098938,
        "Hold": 0.1557174026966095,
        "Buy": 0.020119089633226395
    },
    "TATACONSUM.NS": {
        "Sell": 0.7974757552146912,
        "Hold": 0.1761959195137024,
        "Buy": 0.026328247040510178
    },
    "BRITANNIA.NS": {
        "Sell": 0.9279888272285461,
        "Hold": 0.06635364145040512,
        "Buy": 0.005657384172081947
    },
    "BAJAJ-AUTO.NS": {
        "Sell": 0.9272658824920654,
        "Hold": 0.06564964354038239,
        "Buy": 0.007084496784955263
    },
    "HEROMOTOCO.NS": {
        "Sell": 0.8241248726844788,
        "Hold": 0.15439578890800476,
        "Buy": 0.02147935889661312
    },
    "TECHM.NS": {
        "Sell": 0.984155535697937,
        "Hold": 0.013660427182912827,
        "Buy": 0.0021840939298272133
    },
    "FEDERALBNK.NS": {
        "Sell": 0.5169162750244141,
        "Hold": 0.39467233419418335,
        "Buy": 0.08841138333082199
    },
    "PNB.NS": {
        "Sell": 0.5410088300704956,
        "Hold": 0.38276270031929016,
        "Buy": 0.07622849196195602
    },
    "BANKBARODA.NS": {
        "Sell": 0.7204702496528625,
        "Hold": 0.24443821609020233,
        "Buy": 0.03509148955345154
    },
    "CANBK.NS": {
        "Sell": 0.2613510191440582,
        "Hold": 0.5570931434631348,
        "Buy": 0.1815558522939682
    },
    "IOB.NS": {
        "Sell": 0.9123446941375732,
        "Hold": 0.07958254963159561,
        "Buy": 0.00807282980531454
    },
    "UNIONBANK.NS": {
        "Sell": 0.40844225883483887,
        "Hold": 0.48493462800979614,
        "Buy": 0.1066230908036232
    },
    "CHOLAFIN.NS": {
        "Sell": 0.6171566843986511,
        "Hold": 0.3042815625667572,
        "Buy": 0.07856178283691406
    },
    "M&MFIN.NS": {
        "Sell": 0.9088180661201477,
        "Hold": 0.0767579898238182,
        "Buy": 0.014423876069486141
    },
    "PFC.NS": {
        "Sell": 0.7053461074829102,
        "Hold": 0.25671446323394775,
        "Buy": 0.03793947026133537
    },
    "LICHSGFIN.NS": {
        "Sell": 0.8866919875144958,
        "Hold": 0.10088207572698593,
        "Buy": 0.012425902299582958
    },
    "PERSISTENT.NS": {
        "Sell": 0.9906697273254395,
        "Hold": 0.008070960640907288,
        "Buy": 0.0012592272832989693
    },
    "MPHASIS.NS": {
        "Sell": 0.9421744346618652,
        "Hold": 0.050439175218343735,
        "Buy": 0.007386310026049614
    },
    "OFSS.NS": {
        "Sell": 0.9724249243736267,
        "Hold": 0.024067997932434082,
        "Buy": 0.0035070718731731176
    },
    "TATAELXSI.NS": {
        "Sell": 0.9451860189437866,
        "Hold": 0.04967151954770088,
        "Buy": 0.005142455920577049
    },
    "ASHOKLEY.NS": {
        "Sell": 0.6666905283927917,
        "Hold": 0.2783990502357483,
        "Buy": 0.054910410195589066
    },
    "TVSMOTOR.NS": {
        "Sell": 0.9004949927330017,
        "Hold": 0.08858537673950195,
        "Buy": 0.010919624008238316
    },
    "ESCORTS.NS": {
        "Sell": 0.7677146792411804,
        "Hold": 0.192664235830307,
        "Buy": 0.039621129631996155
    },
    "BHARATFORG.NS": {
        "Sell": 0.8332257270812988,
        "Hold": 0.14196644723415375,
        "Buy": 0.024807820096611977
    },
    "BOSCHLTD.NS": {
        "Sell": 0.9255167245864868,
        "Hold": 0.06497419625520706,