{
    "RELIANCE.NS": {
        "Sell": 0.9560006856918335,
        "Hold": 0.04020913317799568,
        "Buy": 0.003790117334574461
    },
    "TCS.NS": {
        "Sell": 0.9829770922660828,
        "Hold": 0.014746146276593208,
        "Buy": 0.002276684856042266
    },
    "HDFCBANK.NS": {
        "Sell": 0.969664454460144,
        "Hold": 0.02759133093059063,
        "Buy": 0.0027441626880317926
    },
    "ICICIBANK.NS": {
        "Sell": 0.9709112048149109,
        "Hold": 0.02637505531311035,
        "Buy": 0.0027136318385601044
    },
    "INFY.NS": {
        "Sell": 0.9904720187187195,
        "Hold": 0.008362759836018085,
        "Buy": 0.0011650939704850316
    },
    "ITC.NS": {
        "Sell": 0.9457200765609741,
        "Hold": 0.04962317273020744,
        "Buy": 0.0046567488461732864
    },
    "LT.NS": {
        "Sell": 0.9533836245536804,
        "Hold": 0.04264514148235321,
        "Buy": 0.003971264697611332
    },
    "BHARTIARTL.NS": {
        "Sell": 0.9099682569503784,
        "Hold": 0.08062507957220078,
        "Buy": 0.00940663181245327
    },
    "SBIN.NS": {
        "Sell": 0.9701298475265503,
        "Hold": 0.027373313903808594,
        "Buy": 0.002496833447366953
    },
    "HINDUNILVR.NS": {
        "Sell": 0.9574447274208069,
        "Hold": 0.039058487862348557,
        "Buy": 0.0034967386163771152
    },
    "M&M.NS": {
        "Sell": 0.9477775692939758,
        "Hold": 0.04717784374952316,
        "Buy": 0.005044464021921158
    },
    "MARUTI.NS": {
        "Sell": 0.3499208986759186,
        "Hold": 0.5323631763458252,
        "Buy": 0.11771591752767563
    },
    "SUNPHARMA.NS": {
        "Sell": 0.9463372826576233,
        "Hold": 0.04868572950363159,
        "Buy": 0.004977092612534761
    },
    "TATASTEEL.NS": {
        "Sell": 0.9004324078559875,
        "Hold": 0.09058693796396255,
        "Buy": 0.008980563841760159
    },
    "BAJFINANCE.NS": {
        "Sell": 0.9660120606422424,
        "Hold": 0.030322492122650146,
        "Buy": 0.0036655000876635313
    },
    "NTPC.NS": {
        "Sell": 0.7571249008178711,
        "Hold": 0.21340620517730713,
        "Buy": 0.02946890890598297
    },
    "ONGC.NS": {
        "Sell": 0.909858226776123,
        "Hold": 0.07872848957777023,
        "Buy": 0.011413255706429482
    },
    "ASIANPAINT.NS": {
        "Sell": 0.9758830666542053,
        "Hold": 0.02201368659734726,
        "Buy": 0.002103159436956048
    },
    "TITAN.NS": {
        "Sell": 0.8846774697303772,
        "Hold": 0.10327955335378647,
        "Buy": 0.012043005786836147
    },
    "ULTRACEMCO.NS": {
        "Sell": 0.9728009104728699,
        "Hold": 0.02483302541077137,
        "Buy": 0.0023660464212298393
    },
    "WIPRO.NS": {
        "Sell": 0.9551122784614563,
        "Hold": 0.0400494746863842,
        "Buy": 0.004838145337998867
    },
    "HCLTECH.NS": {
        "Sell": 0.9772199988365173,
        "Hold": 0.019923511892557144,
        "Buy": 0.0028564422391355038
    },
    "KOTAKBANK.NS": {
        "Sell": 0.9841028451919556,
        "Hold": 0.014440406113862991,
        "Buy": 0.001456693047657609
    },
    "AXISBANK.NS": {
        "Sell": 0.9852930903434753,
        "Hold": 0.013323921710252762,
        "Buy": 0.0013830851530656219
    },
    "POWERGRID.NS": {
        "Sell": 0.9452639222145081,
        "Hold": 0.04931766912341118,
        "Buy": 0.005418258253484964
    },
    "BPCL.NS": {
        "Sell": 0.9875786900520325,
        "Hold": 0.010878563858568668,
        "Buy": 0.001542762154713273
    },
    "GRASIM.NS": {
        "Sell": 0.9333627223968506,
        "Hold": 0.06045743450522423,
        "Buy": 0.006179749500006437
    },
    "JSWSTEEL.NS": {
        "Sell": 0.909912109375,
        "Hold": 0.08224775642156601,
        "Buy": 0.00784009974449873
    },
    "ADANIPORTS.NS": {
        "Sell": 0.9635946154594421,
        "Hold": 0.03322295844554901,
        "Buy": 0.0031823923345655203
    },
    "INDUSINDBK.NS": {
        "Sell": 0.9751256108283997,
        "Hold": 0.02251298911869526,
        "Buy": 0.0023614047095179558
    },
    "DRREDDY.NS": {
        "Sell": 0.9538262486457825,
        "Hold": 0.04201545938849449,
        "Buy": 0.004158337600529194
    },
    "CIPLA.NS": {
        "Sell": 0.8856714963912964,
        "Hold": 0.10009937733411789,
        "Buy": 0.01422910951077938
    },
    "EICHERMOT.NS": {
        "Sell": 0.9819211363792419,
        "Hold": 0.016297079622745514,
        "Buy": 0.0017816234612837434
    },
    "APOLLOHOSP.NS": {
        "Sell": 0.9482998251914978,
        "Hold": 0.04721894487738609,
        "Buy": 0.004481262993067503
    },
    "DIVISLAB.NS": {
        "Sell": 0.9637932777404785,
        "Hold": 0.033073294907808304,
        "Buy": 0.0031334382947534323
    },
    "TATACONSUM.NS": {
        "Sell": 0.9219446778297424,
        "Hold": 0.07114333659410477,
        "Buy": 0.006912016775459051
    },
    "BRITANNIA.NS": {
        "Sell": 0.9597257971763611,
        "Hold": 0.03676649555563927,
        "Buy": 0.0035077130887657404
    },
    "BAJAJ-AUTO.NS": {
        "Sell": 0.6547126770019531,
        "Hold": 0.3060292899608612,
        "Buy": 0.03925798460841179
    },
    "HEROMOTOCO.NS": {
        "Sell": 0.9118730425834656,
        "Hold": 0.07911255210638046,
        "Buy": 0.00901444535702467
    },
    "TECHM.NS": {
        "Sell": 0.9881230592727661,
        "Hold": 0.01037075836211443,
        "Buy": 0.0015060690930113196
    },
    "FEDERALBNK.NS": {
        "Sell": 0.9610641002655029,
        "Hold": 0.03540220111608505,
        "Buy": 0.0035335614811629057
    },
    "PNB.NS": {
        "Sell": 0.9518634676933289,
        "Hold": 0.044014472514390945,
        "Buy": 0.00412211287766695
    },
    "BANKBARODA.NS": {
        "Sell": 0.9722633957862854,
        "Hold": 0.02479584701359272,
        "Buy": 0.0029407041147351265
    },
    "CANBK.NS": {
        "Sell": 0.9755712747573853,
        "Hold": 0.022165734320878983,
        "Buy": 0.00226296647451818
    },
    "IOB.NS": {
        "Sell": 0.9607005715370178,
        "Hold": 0.03567595034837723,
        "Buy": 0.003623436903581023
    },
    "UNIONBANK.NS": {
        "Sell": 0.9507114887237549,
        "Hold": 0.04475816339254379,
        "Buy": 0.004530450329184532
    },
    "CHOLAFIN.NS": {
        "Sell": 0.9720343351364136,
        "Hold": 0.025194425135850906,
        "Buy": 0.002771134953945875
    },
    "M&MFIN.NS": {
        "Sell": 0.9620261788368225,
        "Hold": 0.034103021025657654,
        "Buy": 0.0038708546198904514
    },
    "PFC.NS": {
        "Sell": 0.9791649580001831,
        "Hold": 0.018838495016098022,
        "Buy": 0.001996637089177966
    },
    "LICHSGFIN.NS": {
        "Sell": 0.9376215934753418,
        "Hold": 0.05700867623090744,
        "Buy": 0.005369695834815502
    },
    "PERSISTENT.NS": {
        "Sell": 0.9931736588478088,
        "Hold": 0.005983568262308836,
        "Buy": 0.0008427825523540378
    },
    "MPHASIS.NS": {
        "Sell": 0.982393741607666,
        "Hold": 0.015231610275804996,
        "Buy": 0.0023746511433273554
    },
    "OFSS.NS": {
        "Sell": 0.9618707299232483,
        "Hold": 0.03366933763027191,
        "Buy": 0.004459958057850599
    },
    "TATAELXSI.NS": {
        "Sell": 0.9527924060821533,
        "Hold": 0.04171886295080185,
        "Buy": 0.005488575901836157
    },
    "ASHOKLEY.NS": {
        "Sell": 0.9510220289230347,
        "Hold": 0.04353790730237961,
        "Buy": 0.005440012086182833
    },
    "TVSMOTOR.NS": {
        "Sell": 0.8817789554595947,
        "Hold": 0.10486391931772232,
        "Buy": 0.013356980867683887
    },
    "ESCORTS.NS": {
        "Sell": 0.7883074879646301,
        "Hold": 0.17968523502349854,
        "Buy": 0.032007209956645966
    },
    "BHARATFORG.NS": {
        "Sell": 0.7203026413917542,
        "Hold": 0.23045922815799713,
        "Buy": 0.049238137900829315
    },
    "BOSCHLTD.NS": {
        "Sell": 0.965660035610199,