{
    "RELIANCE.NS": {
        "Sell": 0.9748879671096802,
        "Hold": 0.022893138229846954,
        "Buy": 0.0022189063020050526
    },
    "TCS.NS": {
        "Sell": 0.8105908632278442,
        "Hold": 0.15483200550079346,
        "Buy": 0.034577079117298126
    },
    "HDFCBANK.NS": {
        "Sell": 0.9902793765068054,
        "Hold": 0.008723587729036808,
        "Buy": 0.000997084891423583
    },
    "ICICIBANK.NS": {
        "Sell": 0.9774637818336487,
        "Hold": 0.020269082859158516,
        "Buy": 0.0022671003825962543
    },
    "INFY.NS": {
        "Sell": 0.846087634563446,
        "Hold": 0.12999479472637177,
        "Buy": 0.02391756698489189
    },
    "ITC.NS": {
        "Sell": 0.9686546325683594,
        "Hold": 0.028647735714912415,
        "Buy": 0.002697726944461465
    },
    "LT.NS": {
        "Sell": 0.9817450642585754,
        "Hold": 0.01676291413605213,
        "Buy": 0.0014920779503881931
    },
    "BHARTIARTL.NS": {
        "Sell": 0.9512636661529541,
        "Hold": 0.043919023126363754,
        "Buy": 0.004817164037376642
    },
    "SBIN.NS": {
        "Sell": 0.9098811149597168,
        "Hold": 0.08146919310092926,
        "Buy": 0.008649682626128197
    },
    "HINDUNILVR.NS": {
        "Sell": 0.9626418352127075,
        "Hold": 0.03409522771835327,
        "Buy": 0.0032628143671900034
    },
    "M&M.NS": {
        "Sell": 0.9808333516120911,
        "Hold": 0.017167387530207634,
        "Buy": 0.0019991975277662277
    },
    "MARUTI.NS": {
        "Sell": 0.9765240550041199,
        "Hold": 0.02106158621609211,
        "Buy": 0.0024142409674823284
    },
    "SUNPHARMA.NS": {
        "Sell": 0.9201247692108154,
        "Hold": 0.07214165478944778,
        "Buy": 0.007733598817139864
    },
    "TATASTEEL.NS": {
        "Sell": 0.9602017402648926,
        "Hold": 0.03596646711230278,
        "Buy": 0.0038317153230309486
    },
    "BAJFINANCE.NS": {
        "Sell": 0.9281883239746094,
        "Hold": 0.06271930783987045,
        "Buy": 0.009092338383197784
    },
    "NTPC.NS": {
        "Sell": 0.9750209450721741,
        "Hold": 0.022835198789834976,
        "Buy": 0.0021439262200146914
    },
    "ONGC.NS": {
        "Sell": 0.9785862565040588,
        "Hold": 0.019338615238666534,
        "Buy": 0.0020751182455569506
    },
    "ASIANPAINT.NS": {
        "Sell": 0.971322774887085,
        "Hold": 0.025798212736845016,
        "Buy": 0.0028790212236344814
    },
    "TITAN.NS": {
        "Sell": 0.8789042830467224,
        "Hold": 0.10968783497810364,
        "Buy": 0.011407829821109772
    },
    "ULTRACEMCO.NS": {
        "Sell": 0.8584551215171814,
        "Hold": 0.12696361541748047,
        "Buy": 0.014581222087144852
    },
    "WIPRO.NS": {
        "Sell": 0.9066953659057617,
        "Hold": 0.08117982000112534,
        "Buy": 0.012124809436500072
    },
    "HCLTECH.NS": {
        "Sell": 0.7774471044540405,
        "Hold": 0.17524117231369019,
        "Buy": 0.04731166735291481
    },
    "KOTAKBANK.NS": {
        "Sell": 0.6955052018165588,
        "Hold": 0.26159822940826416,
        "Buy": 0.04289654642343521
    },
    "AXISBANK.NS": {
        "Sell": 0.9416782259941101,
        "Hold": 0.0531330443918705,
        "Buy": 0.005188761744648218
    },
    "POWERGRID.NS": {
        "Sell": 0.9220341444015503,
        "Hold": 0.07147770375013351,
        "Buy": 0.006488099694252014
    },
    "BPCL.NS": {
        "Sell": 0.9033351540565491,
        "Hold": 0.08501807600259781,
        "Buy": 0.011646776460111141
    },
    "GRASIM.NS": {
        "Sell": 0.9498917460441589,
        "Hold": 0.045602086931467056,
        "Buy": 0.004506160505115986
    },
    "JSWSTEEL.NS": {
        "Sell": 0.9530602097511292,
        "Hold": 0.042786240577697754,
        "Buy": 0.0041535720229148865
    },
    "ADANIPORTS.NS": {
        "Sell": 0.9167900085449219,
        "Hold": 0.07337205111980438,
        "Buy": 0.009837985970079899
    },
    "INDUSINDBK.NS": {
        "Sell": 0.9732114672660828,
        "Hold": 0.023165319114923477,
        "Buy": 0.003623231779783964
    },
    "DRREDDY.NS": {
        "Sell": 0.9855254888534546,
        "Hold": 0.01276516355574131,
        "Buy": 0.0017092154594138265
    },
    "CIPLA.NS": {
        "Sell": 0.9745545983314514,
        "Hold": 0.022896170616149902,
        "Buy": 0.0025491383858025074
    },
    "EICHERMOT.NS": {
        "Sell": 0.9806220531463623,
        "Hold": 0.017404241487383842,
        "Buy": 0.0019737198017537594
    },
    "APOLLOHOSP.NS": {
        "Sell": 0.9341657161712646,
        "Hold": 0.0596889927983284,
        "Buy": 0.006145370192825794
    },
    "DIVISLAB.NS": {
        "Sell": 0.9614472985267639,
        "Hold": 0.03458338603377342,
        "Buy": 0.003969341516494751
    },
    "TATACONSUM.NS": {
        "Sell": 0.9266880750656128,
        "Hold": 0.06566884368658066,
        "Buy": 0.007643105927854776
    },
    "BRITANNIA.NS": {
        "Sell": 0.971555769443512,
        "Hold": 0.025637418031692505,
        "Buy": 0.0028067047242075205
    },
    "BAJAJ-AUTO.NS": {
        "Sell": 0.9670167565345764,
        "Hold": 0.03005266934633255,
        "Buy": 0.0029304346535354853
    },
    "HEROMOTOCO.NS": {
        "Sell": 0.9554684162139893,
        "Hold": 0.04029595106840134,
        "Buy": 0.00423562154173851
    },
    "TECHM.NS": {
        "Sell": 0.7464719414710999,
        "Hold": 0.20843498408794403,
        "Buy": 0.04509317874908447
    },
    "FEDERALBNK.NS": {
        "Sell": 0.9484531879425049,
        "Hold": 0.04657210409641266,
        "Buy": 0.0049746292643249035
    },
    "PNB.NS": {
        "Sell": 0.7957819104194641,
        "Hold": 0.17738410830497742,
        "Buy": 0.02683393284678459
    },
    "BANKBARODA.NS": {
        "Sell": 0.8965772390365601,
        "Hold": 0.0918969213962555,
        "Buy": 0.011525829322636127
    },
    "CANBK.NS": {
        "Sell": 0.8750339150428772,
        "Hold": 0.10464395582675934,
        "Buy": 0.020322129130363464
    },
    "IOB.NS": {
        "Sell": 0.8201647996902466,
        "Hold": 0.1587049812078476,
        "Buy": 0.021130189299583435
    },
    "UNIONBANK.NS": {
        "Sell": 0.7011507153511047,
        "Hold": 0.25668978691101074,
        "Buy": 0.04215944930911064
    },
    "CHOLAFIN.NS": {
        "Sell": 0.9813080430030823,
        "Hold": 0.01642869971692562,
        "Buy": 0.0022632440086454153
    },
    "M&MFIN.NS": {
        "Sell": 0.6735023260116577,
        "Hold": 0.25233712792396545,
        "Buy": 0.07416053861379623
    },
    "PFC.NS": {
        "Sell": 0.9499792456626892,
        "Hold": 0.04509406536817551,
        "Buy": 0.0049267918802797794
    },
    "LICHSGFIN.NS": {
        "Sell": 0.8748552203178406,
        "Hold": 0.11088940501213074,
        "Buy": 0.014255383983254433
    },
    "PERSISTENT.NS": {
        "Sell": 0.3721131682395935,
        "Hold": 0.5004993677139282,
        "Buy": 0.12738746404647827
    },
    "MPHASIS.NS": {
        "Sell": 0.8076813220977783,
        "Hold": 0.15698233246803284,
        "Buy": 0.03533643111586571
    },
    "OFSS.NS": {
        "Sell": 0.3456403613090515,
        "Hold": 0.4771426022052765,
        "Buy": 0.1772170066833496
    },
    "TATAELXSI.NS": {
        "Sell": 0.9268508553504944,
        "Hold": 0.06488412618637085,
        "Buy": 0.00826500914990902
    },
    "ASHOKLEY.NS": {
        "Sell": 0.9818573594093323,
        "Hold": 0.015554829500615597,
        "Buy": 0.0025877857115119696
    },
    "TVSMOTOR.NS": {
        "Sell": 0.9751871824264526,
        "Hold": 0.021718937903642654,
        "Buy": 0.003093956969678402
    },
    "ESCORTS.NS": {
        "Sell": 0.9522817730903625,
        "Hold": 0.042028844356536865,
        "Buy": 0.005689382087439299
    },
    "BHARATFORG.NS": {
        "Sell": 0.9369029402732849,
        "Hold": 0.05313928425312042,
        "Buy": 0.00995784904807806
    },
    "BOSCHLTD.NS": {
        "Sell": 0.9585488438606262,