{
    "RELIANCE.NS": {
        "Sell": 0.9605501890182495,
        "Hold": 0.03566255420446396,
        "Buy": 0.003787227440625429
    },
    "TCS.NS": {
        "Sell": 0.9404910802841187,
        "Hold": 0.054057300090789795,
        "Buy": 0.00545155256986618
    },
    "HDFCBANK.NS": {
        "Sell": 0.9472182989120483,
        "Hold": 0.046666935086250305,
        "Buy": 0.006114755757153034
    },
    "ICICIBANK.NS": {
        "Sell": 0.894594669342041,
        "Hold": 0.09411326050758362,
        "Buy": 0.011292154900729656
    },
    "INFY.NS": {
        "Sell": 0.8869037628173828,
        "Hold": 0.09989182651042938,
        "Buy": 0.013204420916736126
    },
    "ITC.NS": {
        "Sell": 0.9348739981651306,
        "Hold": 0.058556534349918365,
        "Buy": 0.006569340825080872
    },
    "LT.NS": {
        "Sell": 0.9379459619522095,
        "Hold": 0.05661340802907944,
        "Buy": 0.0054406533017754555
    },
    "BHARTIARTL.NS": {
        "Sell": 0.9632928967475891,
        "Hold": 0.0331176333129406,
        "Buy": 0.003589509753510356
    },
    "SBIN.NS": {
        "Sell": 0.902286171913147,
        "Hold": 0.08737608045339584,
        "Buy": 0.01033767033368349
    },
    "HINDUNILVR.NS": {
        "Sell": 0.6882146000862122,
        "Hold": 0.2729189097881317,
        "Buy": 0.03886646032333374
    },
    "M&M.NS": {
        "Sell": 0.9663988947868347,
        "Hold": 0.030229846015572548,
        "Buy": 0.0033712799195200205
    },
    "MARUTI.NS": {
        "Sell": 0.9411439895629883,
        "Hold": 0.052679188549518585,
        "Buy": 0.006176815368235111
    },
    "SUNPHARMA.NS": {
        "Sell": 0.9197209477424622,
        "Hold": 0.07287696748971939,
        "Buy": 0.007402011658996344
    },
    "TATASTEEL.NS": {
        "Sell": 0.9827098846435547,
        "Hold": 0.01531875878572464,
        "Buy": 0.001971391960978508
    },
    "BAJFINANCE.NS": {
        "Sell": 0.9042468667030334,
        "Hold": 0.08584149181842804,
        "Buy": 0.00991156604140997
    },
    "NTPC.NS": {
        "Sell": 0.9846099019050598,
        "Hold": 0.013953561894595623,
        "Buy": 0.001436477294191718
    },
    "ONGC.NS": {
        "Sell": 0.9838245511054993,
        "Hold": 0.014460635371506214,
        "Buy": 0.0017148117767646909
    },
    "ASIANPAINT.NS": {
        "Sell": 0.8633825182914734,
        "Hold": 0.12078084796667099,
        "Buy": 0.01583673059940338
    },
    "TITAN.NS": {
        "Sell": 0.9920702576637268,
        "Hold": 0.007069581653922796,
        "Buy": 0.0008601616718806326
    },
    "ULTRACEMCO.NS": {
        "Sell": 0.9407883882522583,
        "Hold": 0.05423180013895035,
        "Buy": 0.004979832097887993
    },
    "WIPRO.NS": {
        "Sell": 0.9917095303535461,
        "Hold": 0.007285024505108595,
        "Buy": 0.0010054430458694696
    },
    "HCLTECH.NS": {
        "Sell": 0.9044209718704224,
        "Hold": 0.08600103855133057,
        "Buy": 0.009577893652021885
    },
    "KOTAKBANK.NS": {
        "Sell": 0.9081289768218994,
        "Hold": 0.08122716844081879,
        "Buy": 0.010643912479281425
    },
    "AXISBANK.NS": {
        "Sell": 0.7205608487129211,
        "Hold": 0.2486012876033783,
        "Buy": 0.030837923288345337
    },
    "POWERGRID.NS": {
        "Sell": 0.9239032864570618,
        "Hold": 0.0688001736998558,
        "Buy": 0.007296666502952576
    },
    "BPCL.NS": {
        "Sell": 0.9792420268058777,
        "Hold": 0.018771566450595856,
        "Buy": 0.001986335963010788
    },
    "GRASIM.NS": {
        "Sell": 0.9581530690193176,
        "Hold": 0.03774935007095337,
        "Buy": 0.004097426775842905
    },
    "JSWSTEEL.NS": {
        "Sell": 0.9321263432502747,
        "Hold": 0.060595814138650894,
        "Buy": 0.007277845870703459
    },
    "ADANIPORTS.NS": {
        "Sell": 0.7959570288658142,
        "Hold": 0.176705002784729,
        "Buy": 0.027337927371263504
    },
    "INDUSINDBK.NS": {
        "Sell": 0.961336612701416,
        "Hold": 0.034412965178489685,
        "Buy": 0.004250354133546352
    },
    "DRREDDY.NS": {
        "Sell": 0.9473277926445007,
        "Hold": 0.048067666590213776,
        "Buy": 0.00460453936830163
    },
    "CIPLA.NS": {
        "Sell": 0.9669626951217651,
        "Hold": 0.029984809458255768,
        "Buy": 0.003052369924262166
    },
    "EICHERMOT.NS": {
        "Sell": 0.8586978912353516,
        "Hold": 0.1251392811536789,
        "Buy": 0.016162829473614693
    },
    "APOLLOHOSP.NS": {
        "Sell": 0.7733477354049683,
        "Hold": 0.19850297272205353,
        "Buy": 0.02814927138388157
    },
    "DIVISLAB.NS": {
        "Sell": 0.9435552358627319,
        "Hold": 0.05018647387623787,
        "Buy": 0.006258280482143164
    },
    "TATACONSUM.NS": {
        "Sell": 0.9828613996505737,
        "Hold": 0.014930959790945053,
        "Buy": 0.002207669196650386
    },
    "BRITANNIA.NS": {
        "Sell": 0.9124841690063477,
        "Hold": 0.0801980048418045,
        "Buy": 0.007317688316106796
    },
    "BAJAJ-AUTO.NS": {
        "Sell": 0.9836421012878418,
        "Hold": 0.014873728156089783,
        "Buy": 0.001484108972363174
    },
    "HEROMOTOCO.NS": {
        "Sell": 0.952563464641571,
        "Hold": 0.042317554354667664,
        "Buy": 0.005119035951793194
    },
    "TECHM.NS": {
        "Sell": 0.9209856986999512,
        "Hold": 0.06974675506353378,
        "Buy": 0.009267433546483517
    },
    "FEDERALBNK.NS": {
        "Sell": 0.7475731372833252,
        "Hold": 0.2085081785917282,
        "Buy": 0.04391868785023689
    },
    "PNB.NS": {
        "Sell": 0.8870013952255249,
        "Hold": 0.09908979386091232,
        "Buy": 0.013908784836530685
    },
    "BANKBARODA.NS": {
        "Sell": 0.9328442215919495,
        "Hold": 0.05949902534484863,
        "Buy": 0.007656765636056662
    },
    "CANBK.NS": {
        "Sell": 0.955819308757782,
        "Hold": 0.038073934614658356,
        "Buy": 0.006106712855398655
    },
    "IOB.NS": {
        "Sell": 0.8871896862983704,
        "Hold": 0.10080770403146744,
        "Buy": 0.012002610601484776
    },
    "UNIONBANK.NS": {
        "Sell": 0.9292515516281128,
        "Hold": 0.0624636746942997,
        "Buy": 0.008284619078040123
    },
    "CHOLAFIN.NS": {
        "Sell": 0.9638122916221619,
        "Hold": 0.03157942742109299,
        "Buy": 0.004608167801052332
    },
    "M&MFIN.NS": {
        "Sell": 0.9624832272529602,
        "Hold": 0.03247204050421715,
        "Buy": 0.0050447853282094
    },
    "PFC.NS": {
        "Sell": 0.9602524638175964,
        "Hold": 0.03605063259601593,
        "Buy": 0.003696948289871216
    },
    "LICHSGFIN.NS": {
        "Sell": 0.959291934967041,
        "Hold": 0.03645530343055725,
        "Buy": 0.0042528086341917515
    },
    "PERSISTENT.NS": {
        "Sell": 0.9563183188438416,
        "Hold": 0.03778744861483574,
        "Buy": 0.0058942632749676704
    },
    "MPHASIS.NS": {
        "Sell": 0.9391180276870728,
        "Hold": 0.053077731281518936,
        "Buy": 0.007804234977811575
    },
    "OFSS.NS": {
        "Sell": 0.9863905906677246,
        "Hold": 0.011791843920946121,
        "Buy": 0.0018175557488575578
    },
    "TATAELXSI.NS": {
        "Sell": 0.9187952280044556,
        "Hold": 0.07273942232131958,
        "Buy": 0.008465403690934181
    },
    "ASHOKLEY.NS": {
        "Sell": 0.9508383870124817,
        "Hold": 0.043642472475767136,
        "Buy": 0.005519139114767313
    },
    "TVSMOTOR.NS": {
        "Sell": 0.9622605443000793,
        "Hold": 0.03417111933231354,
        "Buy": 0.0035684662871062756
    },
    "ESCORTS.NS": {
        "Sell": 0.9077903032302856,
        "Hold": 0.08070820569992065,
        "Buy": 0.01150156557559967
    },
    "BHARATFORG.NS": {
        "Sell": 0.8922862410545349,
        "Hold": 0.09284631162881851,
        "Buy": 0.014867430552840233
    },
    "BOSCHLTD.NS": {
        "Sell": 0.3820173442363739,
        "Hold": 0.4808330833911896,