{
    "RELIANCE.NS": {
        "Sell": 0.9792876839637756,
        "Hold": 0.01890808902680874,
        "Buy": 0.0018042147858068347
    },
    "TCS.NS": {
        "Sell": 0.6239649057388306,
        "Hold": 0.3164088726043701,
        "Buy": 0.059626199305057526
    },
    "HDFCBANK.NS": {
        "Sell": 0.9789962768554688,
        "Hold": 0.01899389922618866,
        "Buy": 0.002009730786085129
    },
    "ICICIBANK.NS": {
        "Sell": 0.9542759656906128,
        "Hold": 0.04178041219711304,
        "Buy": 0.003943599294871092
    },
    "INFY.NS": {
        "Sell": 0.9206984043121338,
        "Hold": 0.07064811140298843,
        "Buy": 0.008653471246361732
    },
    "ITC.NS": {
        "Sell": 0.9591519832611084,
        "Hold": 0.037306465208530426,
        "Buy": 0.003541518934071064
    },
    "LT.NS": {
        "Sell": 0.9913362860679626,
        "Hold": 0.00790276937186718,
        "Buy": 0.0007607677252963185
    },
    "BHARTIARTL.NS": {
        "Sell": 0.9153079986572266,
        "Hold": 0.07519122958183289,
        "Buy": 0.009500701911747456
    },
    "SBIN.NS": {
        "Sell": 0.9752450585365295,
        "Hold": 0.022441718727350235,
        "Buy": 0.0023132276255637407
    },
    "HINDUNILVR.NS": {
        "Sell": 0.9748342037200928,
        "Hold": 0.023067304864525795,
        "Buy": 0.002098503988236189
    },
    "M&M.NS": {
        "Sell": 0.9636905193328857,
        "Hold": 0.032870687544345856,
        "Buy": 0.003438891377300024
    },
    "MARUTI.NS": {
        "Sell": 0.9640376567840576,
        "Hold": 0.03278466314077377,
        "Buy": 0.003177747828885913
    },
    "SUNPHARMA.NS": {
        "Sell": 0.914600133895874,
        "Hold": 0.07642598450183868,
        "Buy": 0.008973970077931881
    },
    "TATASTEEL.NS": {
        "Sell": 0.9853837490081787,
        "Hold": 0.013167757540941238,
        "Buy": 0.00144850998185575
    },
    "BAJFINANCE.NS": {
        "Sell": 0.9255004525184631,
        "Hold": 0.06495468318462372,
        "Buy": 0.00954482052475214
    },
    "NTPC.NS": {
        "Sell": 0.9572445154190063,
        "Hold": 0.039238423109054565,
        "Buy": 0.003516988130286336
    },
    "ONGC.NS": {
        "Sell": 0.9264943599700928,
        "Hold": 0.06794988363981247,
        "Buy": 0.005555690266191959
    },
    "ASIANPAINT.NS": {
        "Sell": 0.9353610277175903,
        "Hold": 0.05836697667837143,
        "Buy": 0.00627201097086072
    },
    "TITAN.NS": {
        "Sell": 0.9063698053359985,
        "Hold": 0.08488260954618454,
        "Buy": 0.008747684769332409
    },
    "ULTRACEMCO.NS": {
        "Sell": 0.9697845578193665,
        "Hold": 0.027481865137815475,
        "Buy": 0.002733542351052165
    },
    "WIPRO.NS": {
        "Sell": 0.9428848624229431,
        "Hold": 0.051630422472953796,
        "Buy": 0.005484695080667734
    },
    "HCLTECH.NS": {
        "Sell": 0.8875611424446106,
        "Hold": 0.09527945518493652,
        "Buy": 0.01715940050780773
    },
    "KOTAKBANK.NS": {
        "Sell": 0.9601581692695618,
        "Hold": 0.035717740654945374,
        "Buy": 0.0041241105645895
    },
    "AXISBANK.NS": {
        "Sell": 0.9834088087081909,
        "Hold": 0.014972086995840073,
        "Buy": 0.0016190832247957587
    },
    "POWERGRID.NS": {
        "Sell": 0.9639029502868652,
        "Hold": 0.03299698606133461,
        "Buy": 0.003100039204582572
    },
    "BPCL.NS": {
        "Sell": 0.9129436016082764,
        "Hold": 0.07607946544885635,
        "Buy": 0.010976986959576607
    },
    "GRASIM.NS": {
        "Sell": 0.9870464205741882,
        "Hold": 0.011489897035062313,
        "Buy": 0.00146368402056396
    },
    "JSWSTEEL.NS": {
        "Sell": 0.9803518056869507,
        "Hold": 0.01784703880548477,
        "Buy": 0.0018011878710240126
    },
    "ADANIPORTS.NS": {
        "Sell": 0.9716963768005371,
        "Hold": 0.025516768917441368,
        "Buy": 0.002786917146295309
    },
    "INDUSINDBK.NS": {
        "Sell": 0.919015645980835,
        "Hold": 0.07023211568593979,
        "Buy": 0.01075219176709652
    },
    "DRREDDY.NS": {
        "Sell": 0.9321065545082092,
        "Hold": 0.06247803196310997,
        "Buy": 0.005415345076471567
    },
    "CIPLA.NS": {
        "Sell": 0.952154278755188,
        "Hold": 0.04326856508851051,
        "Buy": 0.004577122628688812
    },
    "EICHERMOT.NS": {
        "Sell": 0.8814655542373657,
        "Hold": 0.10579381883144379,
        "Buy": 0.012740467675030231
    },
    "APOLLOHOSP.NS": {
        "Sell": 0.9324190616607666,
        "Hold": 0.06154356151819229,
        "Buy": 0.006037340499460697
    },
    "DIVISLAB.NS": {
        "Sell": 0.6097444295883179,
        "Hold": 0.3397792875766754,
        "Buy": 0.050476327538490295
    },
    "TATACONSUM.NS": {
        "Sell": 0.9744647741317749,
        "Hold": 0.02293039858341217,
        "Buy": 0.0026047592982649803
    },
    "BRITANNIA.NS": {
        "Sell": 0.9278951287269592,
        "Hold": 0.06448449194431305,
        "Buy": 0.007620401214808226
    },
    "BAJAJ-AUTO.NS": {
        "Sell": 0.8422263264656067,
        "Hold": 0.1418844759464264,
        "Buy": 0.015889199450612068
    },
    "HEROMOTOCO.NS": {
        "Sell": 0.9559618234634399,
        "Hold": 0.03966321051120758,
        "Buy": 0.004375053104013205
    },
    "TECHM.NS": {
        "Sell": 0.8564989566802979,
        "Hold": 0.12272186577320099,
        "Buy": 0.020779184997081757
    },
    "FEDERALBNK.NS": {
        "Sell": 0.9591928720474243,
        "Hold": 0.036193620413541794,
        "Buy": 0.004613509401679039
    },
    "PNB.NS": {
        "Sell": 0.9804112315177917,
        "Hold": 0.01740126498043537,
        "Buy": 0.0021875419188290834
    },
    "BANKBARODA.NS": {
        "Sell": 0.9865241646766663,
        "Hold": 0.011825335212051868,
        "Buy": 0.001650581369176507
    },
    "CANBK.NS": {
        "Sell": 0.9874942302703857,
        "Hold": 0.010792293585836887,
        "Buy": 0.0017135308589786291
    },
    "IOB.NS": {
        "Sell": 0.9852165579795837,
        "Hold": 0.013050206005573273,
        "Buy": 0.0017331981798633933
    },
    "UNIONBANK.NS": {
        "Sell": 0.97207111120224,
        "Hold": 0.024075940251350403,
        "Buy": 0.0038530156016349792
    },
    "CHOLAFIN.NS": {
        "Sell": 0.9633781909942627,
        "Hold": 0.03165186569094658,
        "Buy": 0.0049699232913553715
    },
    "M&MFIN.NS": {
        "Sell": 0.9764621257781982,
        "Hold": 0.019754527136683464,
        "Buy": 0.0037832290399819613
    },
    "PFC.NS": {
        "Sell": 0.9741802215576172,
        "Hold": 0.023281821981072426,
        "Buy": 0.002538009313866496
    },
    "LICHSGFIN.NS": {
        "Sell": 0.977941632270813,
        "Hold": 0.019776390865445137,
        "Buy": 0.0022819186560809612
    },
    "PERSISTENT.NS": {
        "Sell": 0.96535325050354,
        "Hold": 0.029359988868236542,
        "Buy": 0.00528670335188508
    },
    "MPHASIS.NS": {
        "Sell": 0.9297982454299927,
        "Hold": 0.060821279883384705,
        "Buy": 0.009380416013300419
    },
    "OFSS.NS": {
        "Sell": 0.9808086156845093,
        "Hold": 0.016331864520907402,
        "Buy": 0.0028595412150025368
    },
    "TATAELXSI.NS": {
        "Sell": 0.9836001396179199,
        "Hold": 0.014420460909605026,
        "Buy": 0.0019793419633060694
    },
    "ASHOKLEY.NS": {
        "Sell": 0.9758728742599487,
        "Hold": 0.020776739344000816,
        "Buy": 0.003350389190018177
    },
    "TVSMOTOR.NS": {
        "Sell": 0.9418843984603882,
        "Hold": 0.05116390436887741,
        "Buy": 0.006951676215976477
    },
    "ESCORTS.NS": {
        "Sell": 0.9503093361854553,
        "Hold": 0.04455174133181572,
        "Buy": 0.0051388987340033054
    },
    "BHARATFORG.NS": {
        "Sell": 0.8781182169914246,
        "Hold": 0.09875975549221039,
        "Buy": 0.023122014477849007
    },
    "BOSCHLTD.NS": {
        "Sell": 0.9267845153808594,