{
    "RELIANCE.NS": {
        "Sell": 0.9620622992515564,
        "Hold": 0.034518737345933914,
        "Buy": 0.003418924054130912
    },
    "TCS.NS": {
        "Sell": 0.9478740692138672,
        "Hold": 0.043934669345617294,
        "Buy": 0.008191286586225033
    },
    "HDFCBANK.NS": {
        "Sell": 0.9421099424362183,
        "Hold": 0.05197276920080185,
        "Buy": 0.0059172483161091805
    },
    "ICICIBANK.NS": {
        "Sell": 0.9236760139465332,
        "Hold": 0.06777520477771759,
        "Buy": 0.008548865094780922
    },
    "INFY.NS": {
        "Sell": 0.9458993673324585,
        "Hold": 0.04566831514239311,
        "Buy": 0.008432204835116863
    },
    "ITC.NS": {
        "Sell": 0.9547117352485657,
        "Hold": 0.04142751917243004,
        "Buy": 0.003860786324366927
    },
    "LT.NS": {
        "Sell": 0.9813650846481323,
        "Hold": 0.01685119792819023,
        "Buy": 0.0017837444320321083
    },
    "BHARTIARTL.NS": {
        "Sell": 0.9099106192588806,
        "Hold": 0.08216265588998795,
        "Buy": 0.007926792837679386
    },
    "SBIN.NS": {
        "Sell": 0.9348943829536438,
        "Hold": 0.05864527076482773,
        "Buy": 0.006460276432335377
    },
    "HINDUNILVR.NS": {
        "Sell": 0.9142891764640808,
        "Hold": 0.07790030539035797,
        "Buy": 0.0078104459680616856
    },
    "M&M.NS": {
        "Sell": 0.9158108234405518,
        "Hold": 0.07216724753379822,
        "Buy": 0.01202197466045618
    },
    "MARUTI.NS": {
        "Sell": 0.9182592034339905,
        "Hold": 0.07206856459379196,
        "Buy": 0.009672175161540508
    },
    "SUNPHARMA.NS": {
        "Sell": 0.9344478845596313,
        "Hold": 0.059717632830142975,
        "Buy": 0.0058344705030322075
    },
    "TATASTEEL.NS": {
        "Sell": 0.9680920839309692,
        "Hold": 0.029337113723158836,
        "Buy": 0.0025707760360091925
    },
    "BAJFINANCE.NS": {
        "Sell": 0.7631986737251282,
        "Hold": 0.20296499133110046,
        "Buy": 0.03383630886673927
    },
    "NTPC.NS": {
        "Sell": 0.9076558947563171,
        "Hold": 0.08450224250555038,
        "Buy": 0.007841881364583969
    },
    "ONGC.NS": {
        "Sell": 0.9075161814689636,
        "Hold": 0.08307500183582306,
        "Buy": 0.009408745914697647
    },
    "ASIANPAINT.NS": {
        "Sell": 0.8132690787315369,
        "Hold": 0.16727615892887115,
        "Buy": 0.01945469155907631
    },
    "TITAN.NS": {
        "Sell": 0.7763966917991638,
        "Hold": 0.19757671654224396,
        "Buy": 0.026026524603366852
    },
    "ULTRACEMCO.NS": {
        "Sell": 0.9358909130096436,
        "Hold": 0.05822592228651047,
        "Buy": 0.0058832629583776
    },
    "WIPRO.NS": {
        "Sell": 0.9593185782432556,
        "Hold": 0.03549366071820259,
        "Buy": 0.005187731236219406
    },
    "HCLTECH.NS": {
        "Sell": 0.9494500756263733,
        "Hold": 0.043688125908374786,
        "Buy": 0.006861699279397726
    },
    "KOTAKBANK.NS": {
        "Sell": 0.9759521484375,
        "Hold": 0.021378083154559135,
        "Buy": 0.002669665962457657
    },
    "AXISBANK.NS": {
        "Sell": 0.9555914402008057,
        "Hold": 0.04033351317048073,
        "Buy": 0.004074970260262489
    },
    "POWERGRID.NS": {
        "Sell": 0.9031250476837158,
        "Hold": 0.08883436024188995,
        "Buy": 0.008040696382522583
    },
    "BPCL.NS": {
        "Sell": 0.8889198899269104,
        "Hold": 0.09776538610458374,
        "Buy": 0.013314705342054367
    },
    "GRASIM.NS": {
        "Sell": 0.9194774031639099,
        "Hold": 0.07368934899568558,
        "Buy": 0.006833294872194529
    },
    "JSWSTEEL.NS": {
        "Sell": 0.9659435153007507,
        "Hold": 0.031122198328375816,
        "Buy": 0.002934287069365382
    },
    "ADANIPORTS.NS": {
        "Sell": 0.733002245426178,
        "Hold": 0.2341623604297638,
        "Buy": 0.032835282385349274
    },
    "INDUSINDBK.NS": {
        "Sell": 0.8719814419746399,
        "Hold": 0.1151338741183281,
        "Buy": 0.01288467738777399
    },
    "DRREDDY.NS": {
        "Sell": 0.9172453284263611,
        "Hold": 0.07277525961399078,
        "Buy": 0.009979418478906155
    },
    "CIPLA.NS": {
        "Sell": 0.902381420135498,
        "Hold": 0.08726043254137039,
        "Buy": 0.010358129628002644
    },
    "EICHERMOT.NS": {
        "Sell": 0.9823988080024719,
        "Hold": 0.01580478809773922,
        "Buy": 0.0017963334685191512
    },
    "APOLLOHOSP.NS": {
        "Sell": 0.9075096845626831,
        "Hold": 0.08361446857452393,
        "Buy": 0.008875776082277298
    },
    "DIVISLAB.NS": {
        "Sell": 0.937134325504303,
        "Hold": 0.057041626423597336,
        "Buy": 0.005824076011776924
    },
    "TATACONSUM.NS": {
        "Sell": 0.9613619446754456,
        "Hold": 0.03405146673321724,
        "Buy": 0.0045865802094340324
    },
    "BRITANNIA.NS": {
        "Sell": 0.8485892415046692,
        "Hold": 0.13527239859104156,
        "Buy": 0.016138307750225067
    },
    "BAJAJ-AUTO.NS": {
        "Sell": 0.951816976070404,
        "Hold": 0.04358864203095436,
        "Buy": 0.004594344645738602
    },
    "HEROMOTOCO.NS": {
        "Sell": 0.9536007642745972,
        "Hold": 0.04169071093201637,
        "Buy": 0.004708389285951853
    },
    "TECHM.NS": {
        "Sell": 0.8680524826049805,
        "Hold": 0.11381948739290237,
        "Buy": 0.01812792755663395
    },
    "FEDERALBNK.NS": {
        "Sell": 0.8948248028755188,
        "Hold": 0.09498083591461182,
        "Buy": 0.010194300673902035
    },
    "PNB.NS": {
        "Sell": 0.9519067406654358,
        "Hold": 0.043586891144514084,
        "Buy": 0.004506345372647047
    },
    "BANKBARODA.NS": {
        "Sell": 0.9848675727844238,
        "Hold": 0.013340056873857975,
        "Buy": 0.001792324474081397
    },
    "CANBK.NS": {
        "Sell": 0.9752570390701294,
        "Hold": 0.02195613645017147,
        "Buy": 0.0027868635952472687
    },
    "IOB.NS": {
        "Sell": 0.9284435510635376,
        "Hold": 0.0651492178440094,
        "Buy": 0.006407194770872593
    },
    "UNIONBANK.NS": {
        "Sell": 0.8442414999008179,
        "Hold": 0.13783900439739227,
        "Buy": 0.017919465899467468
    },
    "CHOLAFIN.NS": {
        "Sell": 0.9494284987449646,
        "Hold": 0.04533354938030243,
        "Buy": 0.005237984005361795
    },
    "M&MFIN.NS": {
        "Sell": 0.9615507125854492,
        "Hold": 0.03290717303752899,
        "Buy": 0.005542074330151081
    },
    "PFC.NS": {
        "Sell": 0.9360332489013672,
        "Hold": 0.058424606919288635,
        "Buy": 0.005542133003473282
    },
    "LICHSGFIN.NS": {
        "Sell": 0.9181209206581116,
        "Hold": 0.07367883622646332,
        "Buy": 0.008200246840715408
    },
    "PERSISTENT.NS": {
        "Sell": 0.9117944240570068,
        "Hold": 0.07680508494377136,
        "Buy": 0.011400490067899227
    },
    "MPHASIS.NS": {
        "Sell": 0.9413298964500427,
        "Hold": 0.0498884916305542,
        "Buy": 0.008781575597822666
    },
    "OFSS.NS": {
        "Sell": 0.8809323906898499,
        "Hold": 0.09794921427965164,
        "Buy": 0.021118320524692535
    },
    "TATAELXSI.NS": {
        "Sell": 0.9903565645217896,
        "Hold": 0.008443569764494896,
        "Buy": 0.001199982245452702
    },
    "ASHOKLEY.NS": {
        "Sell": 0.823209822177887,
        "Hold": 0.14248467981815338,
        "Buy": 0.03430552035570145
    },
    "TVSMOTOR.NS": {
        "Sell": 0.8751335144042969,
        "Hold": 0.10642370581626892,
        "Buy": 0.018442735075950623
    },
    "ESCORTS.NS": {
        "Sell": 0.9260005354881287,
        "Hold": 0.06563258916139603,
        "Buy": 0.008366893976926804
    },
    "BHARATFORG.NS": {
        "Sell": 0.878061830997467,
        "Hold": 0.10228028893470764,
        "Buy": 0.019657796248793602
    },
    "BOSCHLTD.NS": {
        "Sell": 0.8971220254898071,
        "Hold": 0.08906742185354233,