{
    "RELIANCE.NS": {
        "Sell": 0.8783020377159119,
        "Hold": 0.1095256581902504,
        "Buy": 0.012172264978289604
    },
    "TCS.NS": {
        "Sell": 0.6791723370552063,
        "Hold": 0.2600824534893036,
        "Buy": 0.06074516475200653
    },
    "HDFCBANK.NS": {
        "Sell": 0.8393440842628479,
        "Hold": 0.13933666050434113,
        "Buy": 0.02131926827132702
    },
    "ICICIBANK.NS": {
        "Sell": 0.7603408694267273,
        "Hold": 0.20936445891857147,
        "Buy": 0.03029472939670086
    },
    "INFY.NS": {
        "Sell": 0.4367488920688629,
        "Hold": 0.4254540801048279,
        "Buy": 0.13779710233211517
    },
    "ITC.NS": {
        "Sell": 0.9180004000663757,
        "Hold": 0.07429912686347961,
        "Buy": 0.0077003068290650845
    },
    "LT.NS": {
        "Sell": 0.975892961025238,
        "Hold": 0.021946918219327927,
        "Buy": 0.002160118892788887
    },
    "BHARTIARTL.NS": {
        "Sell": 0.9137315154075623,
        "Hold": 0.0784277692437172,
        "Buy": 0.007840788923203945
    },
    "SBIN.NS": {
        "Sell": 0.8994949460029602,
        "Hold": 0.09062229841947556,
        "Buy": 0.009882811456918716
    },
    "HINDUNILVR.NS": {
        "Sell": 0.6176626682281494,
        "Hold": 0.3391993045806885,
        "Buy": 0.043137941509485245
    },
    "M&M.NS": {
        "Sell": 0.5628492832183838,
        "Hold": 0.37050551176071167,
        "Buy": 0.0666450783610344
    },
    "MARUTI.NS": {
        "Sell": 0.9628893733024597,
        "Hold": 0.03354950249195099,
        "Buy": 0.0035610636696219444
    },
    "SUNPHARMA.NS": {
        "Sell": 0.8445941209793091,
        "Hold": 0.13904185593128204,
        "Buy": 0.016363946720957756
    },
    "TATASTEEL.NS": {
        "Sell": 0.9245399236679077,
        "Hold": 0.06799754500389099,
        "Buy": 0.007462434004992247
    },
    "BAJFINANCE.NS": {
        "Sell": 0.9597246646881104,
        "Hold": 0.03566296771168709,
        "Buy": 0.004612388089299202
    },
    "NTPC.NS": {
        "Sell": 0.9606249928474426,
        "Hold": 0.035608045756816864,
        "Buy": 0.003766939276829362
    },
    "ONGC.NS": {
        "Sell": 0.9062332510948181,
        "Hold": 0.08155740797519684,
        "Buy": 0.012209235690534115
    },
    "ASIANPAINT.NS": {
        "Sell": 0.7770195007324219,
        "Hold": 0.19966024160385132,
        "Buy": 0.023320317268371582
    },
    "TITAN.NS": {
        "Sell": 0.9791551232337952,
        "Hold": 0.01886351779103279,
        "Buy": 0.0019814488478004932
    },
    "ULTRACEMCO.NS": {
        "Sell": 0.8376376032829285,
        "Hold": 0.14685656130313873,
        "Buy": 0.015505778603255749
    },
    "WIPRO.NS": {
        "Sell": 0.7650303244590759,
        "Hold": 0.19555439054965973,
        "Buy": 0.03941522538661957
    },
    "HCLTECH.NS": {
        "Sell": 0.5046871900558472,
        "Hold": 0.39088383316993713,
        "Buy": 0.10442887246608734
    },
    "KOTAKBANK.NS": {
        "Sell": 0.9590926170349121,
        "Hold": 0.03738950937986374,
        "Buy": 0.0035178200341761112
    },
    "AXISBANK.NS": {
        "Sell": 0.9423039555549622,
        "Hold": 0.052102651447057724,
        "Buy": 0.0055934670381248
    },
    "POWERGRID.NS": {
        "Sell": 0.9650270342826843,
        "Hold": 0.031846195459365845,
        "Buy": 0.003126743948087096
    },
    "BPCL.NS": {
        "Sell": 0.9517219662666321,
        "Hold": 0.043375302106142044,
        "Buy": 0.004902715794742107
    },
    "GRASIM.NS": {
        "Sell": 0.9147859215736389,
        "Hold": 0.07834532111883163,
        "Buy": 0.006868756841868162
    },
    "JSWSTEEL.NS": {
        "Sell": 0.9195125699043274,
        "Hold": 0.07357682287693024,
        "Buy": 0.0069106933660805225
    },
    "ADANIPORTS.NS": {
        "Sell": 0.9552518725395203,
        "Hold": 0.04060555621981621,
        "Buy": 0.004142592195421457
    },
    "INDUSINDBK.NS": {
        "Sell": 0.6677443385124207,
        "Hold": 0.28903064131736755,
        "Buy": 0.04322502017021179
    },
    "DRREDDY.NS": {
        "Sell": 0.8552661538124084,
        "Hold": 0.12351586669683456,
        "Buy": 0.02121802605688572
    },
    "CIPLA.NS": {
        "Sell": 0.9591982364654541,
        "Hold": 0.036844417452812195,
        "Buy": 0.003957309760153294
    },
    "EICHERMOT.NS": {
        "Sell": 0.07024785131216049,
        "Hold": 0.5771693587303162,
        "Buy": 0.35258278250694275
    },
    "APOLLOHOSP.NS": {
        "Sell": 0.9246467351913452,
        "Hold": 0.06885877251625061,
        "Buy": 0.0064943889155983925
    },
    "DIVISLAB.NS": {
        "Sell": 0.8608735203742981,
        "Hold": 0.1258380115032196,
        "Buy": 0.013288499787449837
    },
    "TATACONSUM.NS": {
        "Sell": 0.24181319773197174,
        "Hold": 0.5922443866729736,
        "Buy": 0.16594241559505463
    },
    "BRITANNIA.NS": {
        "Sell": 0.8258960247039795,
        "Hold": 0.15718801319599152,
        "Buy": 0.016915952786803246
    },
    "BAJAJ-AUTO.NS": {
        "Sell": 0.9232823848724365,
        "Hold": 0.06997383385896683,
        "Buy": 0.006743720266968012
    },
    "HEROMOTOCO.NS": {
        "Sell": 0.8684632778167725,
        "Hold": 0.11674553155899048,
        "Buy": 0.014791164547204971
    },
    "TECHM.NS": {
        "Sell": 0.7140491008758545,
        "Hold": 0.23856383562088013,
        "Buy": 0.047387126833200455
    },
    "FEDERALBNK.NS": {
        "Sell": 0.9757607579231262,
        "Hold": 0.021637428551912308,
        "Buy": 0.002601821208372712
    },
    "PNB.NS": {
        "Sell": 0.9742481708526611,
        "Hold": 0.023212991654872894,
        "Buy": 0.0025388242211192846
    },
    "BANKBARODA.NS": {
        "Sell": 0.9917498826980591,
        "Hold": 0.0072951652109622955,
        "Buy": 0.0009550776449032128
    },
    "CANBK.NS": {
        "Sell": 0.9259023070335388,
        "Hold": 0.06586667895317078,
        "Buy": 0.008231066167354584
    },
    "IOB.NS": {
        "Sell": 0.961452066898346,
        "Hold": 0.03535332903265953,
        "Buy": 0.0031945290975272655
    },
    "UNIONBANK.NS": {
        "Sell": 0.9672973155975342,
        "Hold": 0.02949460595846176,
        "Buy": 0.003207931760698557
    },
    "CHOLAFIN.NS": {
        "Sell": 0.8940452337265015,
        "Hold": 0.0947946086525917,
        "Buy": 0.01116014365106821
    },
    "M&MFIN.NS": {
        "Sell": 0.8005272746086121,
        "Hold": 0.1697324961423874,
        "Buy": 0.02974017523229122
    },
    "PFC.NS": {
        "Sell": 0.9638630747795105,
        "Hold": 0.0331571102142334,
        "Buy": 0.002979881828650832
    },
    "LICHSGFIN.NS": {
        "Sell": 0.9776196479797363,
        "Hold": 0.019676193594932556,
        "Buy": 0.00270410580560565
    },
    "PERSISTENT.NS": {
        "Sell": 0.6761451363563538,
        "Hold": 0.2812042236328125,
        "Buy": 0.04265061020851135
    },
    "MPHASIS.NS": {
        "Sell": 0.33676376938819885,
        "Hold": 0.5217314958572388,
        "Buy": 0.1415046900510788
    },
    "OFSS.NS": {
        "Sell": 0.7809960842132568,
        "Hold": 0.18324047327041626,
        "Buy": 0.03576347604393959
    },
    "TATAELXSI.NS": {
        "Sell": 0.8871034979820251,
        "Hold": 0.09906748682260513,
        "Buy": 0.013828927651047707
    },
    "ASHOKLEY.NS": {
        "Sell": 0.7108914852142334,
        "Hold": 0.2377283126115799,
        "Buy": 0.05138018727302551
    },
    "TVSMOTOR.NS": {
        "Sell": 0.6153287291526794,
        "Hold": 0.32967478036880493,
        "Buy": 0.05499652028083801
    },
    "ESCORTS.NS": {
        "Sell": 0.9098241329193115,
        "Hold": 0.08034033328294754,
        "Buy": 0.009835541248321533
    },
    "BHARATFORG.NS": {
        "Sell": 0.8658762574195862,
        "Hold": 0.11032044142484665,
        "Buy": 0.023803213611245155
    },
    "BOSCHLTD.NS": {
        "Sell": 0.7471120357513428,
        "Hold": 0.2238253951072693,