{
    "RELIANCE.NS": {
        "Sell": 0.9611572623252869,
        "Hold": 0.034115441143512726,
        "Buy": 0.004727393854409456
    },
    "TCS.NS": {
        "Sell": 0.9855611324310303,
        "Hold": 0.012707989662885666,
        "Buy": 0.0017308092210441828
    },
    "HDFCBANK.NS": {
        "Sell": 0.9194573163986206,
        "Hold": 0.07120676338672638,
        "Buy": 0.009335928596556187
    },
    "ICICIBANK.NS": {
        "Sell": 0.8923507928848267,
        "Hold": 0.09639999270439148,
        "Buy": 0.011249206028878689
    },
    "INFY.NS": {
        "Sell": 0.9865089058876038,
        "Hold": 0.01168430969119072,
        "Buy": 0.0018067618366330862
    },
    "ITC.NS": {
        "Sell": 0.9601989984512329,
        "Hold": 0.035967033356428146,
        "Buy": 0.0038338773883879185
    },
    "LT.NS": {
        "Sell": 0.9468111991882324,
        "Hold": 0.04770047217607498,
        "Buy": 0.005488399416208267
    },
    "BHARTIARTL.NS": {
        "Sell": 0.8717607855796814,
        "Hold": 0.11315779387950897,
        "Buy": 0.015081447549164295
    },
    "SBIN.NS": {
        "Sell": 0.7650150656700134,
        "Hold": 0.21010863780975342,
        "Buy": 0.024876320734620094
    },
    "HINDUNILVR.NS": {
        "Sell": 0.973876416683197,
        "Hold": 0.023694396018981934,
        "Buy": 0.002429145621135831
    },
    "M&M.NS": {
        "Sell": 0.9631423354148865,
        "Hold": 0.03233494982123375,
        "Buy": 0.004522695671766996
    },
    "MARUTI.NS": {
        "Sell": 0.95889812707901,
        "Hold": 0.036354366689920425,
        "Buy": 0.004747521132230759
    },
    "SUNPHARMA.NS": {
        "Sell": 0.7146521806716919,
        "Hold": 0.2566814720630646,
        "Buy": 0.02866637520492077
    },
    "TATASTEEL.NS": {
        "Sell": 0.8478862643241882,
        "Hold": 0.13254015147686005,
        "Buy": 0.019573597237467766
    },
    "BAJFINANCE.NS": {
        "Sell": 0.9490965604782104,
        "Hold": 0.04512959346175194,
        "Buy": 0.0057738665491342545
    },
    "NTPC.NS": {
        "Sell": 0.9393934607505798,
        "Hold": 0.05550927296280861,
        "Buy": 0.005097301676869392
    },
    "ONGC.NS": {
        "Sell": 0.9825502634048462,
        "Hold": 0.01537149678915739,
        "Buy": 0.0020781808998435736
    },
    "ASIANPAINT.NS": {
        "Sell": 0.9739299416542053,
        "Hold": 0.023511214181780815,
        "Buy": 0.002558769192546606
    },
    "TITAN.NS": {
        "Sell": 0.9507470726966858,
        "Hold": 0.04428180679678917,
        "Buy": 0.004971114918589592
    },
    "ULTRACEMCO.NS": {
        "Sell": 0.8929784893989563,
        "Hold": 0.09454038739204407,
        "Buy": 0.012481128796935081
    },
    "WIPRO.NS": {
        "Sell": 0.9675163626670837,
        "Hold": 0.029084378853440285,
        "Buy": 0.0033991695381700993
    },
    "HCLTECH.NS": {
        "Sell": 0.9876684546470642,
        "Hold": 0.010750802233815193,
        "Buy": 0.0015807230956852436
    },
    "KOTAKBANK.NS": {
        "Sell": 0.9604158997535706,
        "Hold": 0.0354948490858078,
        "Buy": 0.004089211113750935
    },
    "AXISBANK.NS": {
        "Sell": 0.9170466065406799,
        "Hold": 0.07417793571949005,
        "Buy": 0.008775473572313786
    },
    "POWERGRID.NS": {
        "Sell": 0.8704895973205566,
        "Hold": 0.11632529646158218,
        "Buy": 0.013185053132474422
    },
    "BPCL.NS": {
        "Sell": 0.9538456201553345,
        "Hold": 0.04023486748337746,
        "Buy": 0.005919569171965122
    },
    "GRASIM.NS": {
        "Sell": 0.8847942352294922,
        "Hold": 0.10043391585350037,
        "Buy": 0.014771778136491776
    },
    "JSWSTEEL.NS": {
        "Sell": 0.7875261306762695,
        "Hold": 0.1835743635892868,
        "Buy": 0.028899526223540306
    },
    "ADANIPORTS.NS": {
        "Sell": 0.9631362557411194,
        "Hold": 0.03344712778925896,
        "Buy": 0.0034165834076702595
    },
    "INDUSINDBK.NS": {
        "Sell": 0.9149078130722046,
        "Hold": 0.07496447116136551,
        "Buy": 0.010127694346010685
    },
    "DRREDDY.NS": {
        "Sell": 0.8897675275802612,
        "Hold": 0.09839388728141785,
        "Buy": 0.011838627979159355
    },
    "CIPLA.NS": {
        "Sell": 0.7565435171127319,
        "Hold": 0.2129918932914734,
        "Buy": 0.0304645374417305
    },
    "EICHERMOT.NS": {
        "Sell": 0.8476245403289795,
        "Hold": 0.12884142994880676,
        "Buy": 0.02353409118950367
    },
    "APOLLOHOSP.NS": {
        "Sell": 0.8728169798851013,
        "Hold": 0.11470416188240051,
        "Buy": 0.012478772550821304
    },
    "DIVISLAB.NS": {
        "Sell": 0.9613478183746338,
        "Hold": 0.035335853695869446,
        "Buy": 0.003316333517432213
    },
    "TATACONSUM.NS": {
        "Sell": 0.9877869486808777,
        "Hold": 0.010857493616640568,
        "Buy": 0.0013555483892560005
    },
    "BRITANNIA.NS": {
        "Sell": 0.9465880990028381,
        "Hold": 0.04912981763482094,
        "Buy": 0.004282019101083279
    },
    "BAJAJ-AUTO.NS": {
        "Sell": 0.8668004274368286,
        "Hold": 0.12120810896158218,
        "Buy": 0.011991381645202637
    },
    "HEROMOTOCO.NS": {
        "Sell": 0.9513500928878784,
        "Hold": 0.04378071799874306,
        "Buy": 0.00486914673820138
    },
    "TECHM.NS": {
        "Sell": 0.9694375395774841,
        "Hold": 0.027016863226890564,
        "Buy": 0.003545599989593029
    },
    "FEDERALBNK.NS": {
        "Sell": 0.9376394152641296,
        "Hold": 0.055499546229839325,
        "Buy": 0.0068609463050961494
    },
    "PNB.NS": {
        "Sell": 0.8860000371932983,
        "Hold": 0.10033167898654938,
        "Buy": 0.013668172061443329
    },
    "BANKBARODA.NS": {
        "Sell": 0.7404883503913879,
        "Hold": 0.21824146807193756,
        "Buy": 0.041270144283771515
    },
    "CANBK.NS": {
        "Sell": 0.9179786443710327,
        "Hold": 0.07275284081697464,
        "Buy": 0.009268435649573803
    },
    "IOB.NS": {
        "Sell": 0.8788329362869263,
        "Hold": 0.10768938809633255,
        "Buy": 0.013477667234838009
    },
    "UNIONBANK.NS": {
        "Sell": 0.698375940322876,
        "Hold": 0.25481489300727844,
        "Buy": 0.046809155493974686
    },
    "CHOLAFIN.NS": {
        "Sell": 0.9225000739097595,
        "Hold": 0.0680791363120079,
        "Buy": 0.009420736692845821
    },
    "M&MFIN.NS": {
        "Sell": 0.9436174631118774,
        "Hold": 0.048835739493370056,
        "Buy": 0.007546649780124426
    },
    "PFC.NS": {
        "Sell": 0.8575087785720825,
        "Hold": 0.12300927937030792,
        "Buy": 0.019481999799609184
    },
    "LICHSGFIN.NS": {
        "Sell": 0.9362478256225586,
        "Hold": 0.05695703625679016,
        "Buy": 0.0067950948141515255
    },
    "PERSISTENT.NS": {
        "Sell": 0.9875501394271851,
        "Hold": 0.010705417022109032,
        "Buy": 0.00174444739241153
    },
    "MPHASIS.NS": {
        "Sell": 0.9675250053405762,
        "Hold": 0.027800152078270912,
        "Buy": 0.004674833733588457
    },
    "OFSS.NS": {
        "Sell": 0.9512885212898254,
        "Hold": 0.041351594030857086,
        "Buy": 0.007359766401350498
    },
    "TATAELXSI.NS": {
        "Sell": 0.9678789973258972,
        "Hold": 0.028134172782301903,
        "Buy": 0.003986835479736328
    },
    "ASHOKLEY.NS": {
        "Sell": 0.9395973682403564,
        "Hold": 0.052530184388160706,
        "Buy": 0.007872371934354305
    },
    "TVSMOTOR.NS": {
        "Sell": 0.8521231412887573,
        "Hold": 0.12767410278320312,
        "Buy": 0.02020272985100746
    },
    "ESCORTS.NS": {
        "Sell": 0.8652486205101013,
        "Hold": 0.11499109119176865,
        "Buy": 0.01976027339696884
    },
    "BHARATFORG.NS": {
        "Sell": 0.6874903440475464,
        "Hold": 0.24838097393512726,
        "Buy": 0.06412867456674576
    },
    "BOSCHLTD.NS": {
        "Sell": 0.7120259404182434,