{
    "RELIANCE.NS": {
        "Sell": 0.9619308114051819,
        "Hold": 0.03454567492008209,
        "Buy": 0.0035235544200986624
    },
    "TCS.NS": {
        "Sell": 0.9263080954551697,
        "Hold": 0.06681802123785019,
        "Buy": 0.0068739294074475765
    },
    "HDFCBANK.NS": {
        "Sell": 0.9162591099739075,
        "Hold": 0.07301759719848633,
        "Buy": 0.010723335668444633
    },
    "ICICIBANK.NS": {
        "Sell": 0.8686761856079102,
        "Hold": 0.11563348770141602,
        "Buy": 0.015690311789512634
    },
    "INFY.NS": {
        "Sell": 0.9699235558509827,
        "Hold": 0.027248159050941467,
        "Buy": 0.0028282401617616415
    },
    "ITC.NS": {
        "Sell": 0.937070369720459,
        "Hold": 0.056346550583839417,
        "Buy": 0.006583022885024548
    },
    "LT.NS": {
        "Sell": 0.9760921597480774,
        "Hold": 0.021990256384015083,
        "Buy": 0.0019176542991772294
    },
    "BHARTIARTL.NS": {
        "Sell": 0.8948611617088318,
        "Hold": 0.09329919517040253,
        "Buy": 0.011839577928185463
    },
    "SBIN.NS": {
        "Sell": 0.8612877726554871,
        "Hold": 0.12302590906620026,
        "Buy": 0.01568635180592537
    },
    "HINDUNILVR.NS": {
        "Sell": 0.9568358063697815,
        "Hold": 0.039422668516635895,
        "Buy": 0.0037413558457046747
    },
    "M&M.NS": {
        "Sell": 0.9595048427581787,
        "Hold": 0.036305706948041916,
        "Buy": 0.004189440049231052
    },
    "MARUTI.NS": {
        "Sell": 0.9058167338371277,
        "Hold": 0.08363078534603119,
        "Buy": 0.010552420280873775
    },
    "SUNPHARMA.NS": {
        "Sell": 0.9220183491706848,
        "Hold": 0.07116524130105972,
        "Buy": 0.006816419307142496
    },
    "TATASTEEL.NS": {
        "Sell": 0.94547039270401,
        "Hold": 0.04875798150897026,
        "Buy": 0.005771648604422808
    },
    "BAJFINANCE.NS": {
        "Sell": 0.9844658374786377,
        "Hold": 0.01395346224308014,
        "Buy": 0.0015807183226570487
    },
    "NTPC.NS": {
        "Sell": 0.95208340883255,
        "Hold": 0.043576762080192566,
        "Buy": 0.004339825361967087
    },
    "ONGC.NS": {
        "Sell": 0.970658540725708,
        "Hold": 0.026140721514821053,
        "Buy": 0.0032006583642214537
    },
    "ASIANPAINT.NS": {
        "Sell": 0.9418182373046875,
        "Hold": 0.05296571925282478,
        "Buy": 0.005216036457568407
    },
    "TITAN.NS": {
        "Sell": 0.9829601645469666,
        "Hold": 0.015059446915984154,
        "Buy": 0.001980314264073968
    },
    "ULTRACEMCO.NS": {
        "Sell": 0.9114736318588257,
        "Hold": 0.08062171936035156,
        "Buy": 0.007904570549726486
    },
    "WIPRO.NS": {
        "Sell": 0.9787161946296692,
        "Hold": 0.018821004778146744,
        "Buy": 0.0024627845268696547
    },
    "HCLTECH.NS": {
        "Sell": 0.9405752420425415,
        "Hold": 0.05418705195188522,
        "Buy": 0.005237658508121967
    },
    "KOTAKBANK.NS": {
        "Sell": 0.580689549446106,
        "Hold": 0.34874865412712097,
        "Buy": 0.07056184113025665
    },
    "AXISBANK.NS": {
        "Sell": 0.9240521192550659,
        "Hold": 0.06885737180709839,
        "Buy": 0.007090549450367689
    },
    "POWERGRID.NS": {
        "Sell": 0.9458485245704651,
        "Hold": 0.04925902187824249,
        "Buy": 0.004892348777502775
    },
    "BPCL.NS": {
        "Sell": 0.965922474861145,
        "Hold": 0.03069998137652874,
        "Buy": 0.0033774811308830976
    },
    "GRASIM.NS": {
        "Sell": 0.9184884428977966,
        "Hold": 0.07328382134437561,
        "Buy": 0.008227810263633728
    },
    "JSWSTEEL.NS": {
        "Sell": 0.8079552054405212,
        "Hold": 0.16949069499969482,
        "Buy": 0.022554047405719757
    },
    "ADANIPORTS.NS": {
        "Sell": 0.9781475067138672,
        "Hold": 0.019582010805606842,
        "Buy": 0.002270442433655262
    },
    "INDUSINDBK.NS": {
        "Sell": 0.951690673828125,
        "Hold": 0.043089792132377625,
        "Buy": 0.0052195037715137005
    },
    "DRREDDY.NS": {
        "Sell": 0.9638999104499817,
        "Hold": 0.032763976603746414,
        "Buy": 0.0033360496163368225
    },
    "CIPLA.NS": {
        "Sell": 0.968567430973053,
        "Hold": 0.028256047517061234,
        "Buy": 0.0031764598097652197
    },
    "EICHERMOT.NS": {
        "Sell": 0.8487206101417542,
        "Hold": 0.13524891436100006,
        "Buy": 0.016030484810471535
    },
    "APOLLOHOSP.NS": {
        "Sell": 0.891512393951416,
        "Hold": 0.0983329638838768,
        "Buy": 0.01015469990670681
    },
    "DIVISLAB.NS": {
        "Sell": 0.9303712248802185,
        "Hold": 0.062226805835962296,
        "Buy": 0.0074020931497216225
    },
    "TATACONSUM.NS": {
        "Sell": 0.9014407992362976,
        "Hold": 0.08524156361818314,
        "Buy": 0.013317673467099667
    },
    "BRITANNIA.NS": {
        "Sell": 0.9604763984680176,
        "Hold": 0.03628421947360039,
        "Buy": 0.003239353420212865
    },
    "BAJAJ-AUTO.NS": {
        "Sell": 0.9735062122344971,
        "Hold": 0.02388029173016548,
        "Buy": 0.002613489283248782
    },
    "HEROMOTOCO.NS": {
        "Sell": 0.8623991012573242,
        "Hold": 0.12037867307662964,
        "Buy": 0.01722211390733719
    },
    "TECHM.NS": {
        "Sell": 0.9090229272842407,
        "Hold": 0.07913103699684143,
        "Buy": 0.011845976114273071
    },
    "FEDERALBNK.NS": {
        "Sell": 0.9257089495658875,
        "Hold": 0.06609849631786346,
        "Buy": 0.008192508481442928
    },
    "PNB.NS": {
        "Sell": 0.968034029006958,
        "Hold": 0.02877163514494896,
        "Buy": 0.003194366116076708
    },
    "BANKBARODA.NS": {
        "Sell": 0.9003777503967285,
        "Hold": 0.08818759769201279,
        "Buy": 0.011434689164161682
    },
    "CANBK.NS": {
        "Sell": 0.9868593811988831,
        "Hold": 0.011359098367393017,
        "Buy": 0.0017815075116232038
    },
    "IOB.NS": {
        "Sell": 0.950264573097229,
        "Hold": 0.04547523707151413,
        "Buy": 0.004260081797838211
    },
    "UNIONBANK.NS": {
        "Sell": 0.9534305334091187,
        "Hold": 0.04199893772602081,
        "Buy": 0.004570532124489546
    },
    "CHOLAFIN.NS": {
        "Sell": 0.9810115098953247,
        "Hold": 0.01648901402950287,
        "Buy": 0.002499444643035531
    },
    "M&MFIN.NS": {
        "Sell": 0.9779091477394104,
        "Hold": 0.019055377691984177,
        "Buy": 0.003035521600395441
    },
    "PFC.NS": {
        "Sell": 0.9875532388687134,
        "Hold": 0.011091875843703747,
        "Buy": 0.0013548710849136114
    },
    "LICHSGFIN.NS": {
        "Sell": 0.9660803079605103,
        "Hold": 0.030331922695040703,
        "Buy": 0.003587724408134818
    },
    "PERSISTENT.NS": {
        "Sell": 0.9067710041999817,
        "Hold": 0.07979584485292435,
        "Buy": 0.013433163054287434
    },
    "MPHASIS.NS": {
        "Sell": 0.9550381898880005,
        "Hold": 0.039027661085128784,
        "Buy": 0.005934130400419235
    },
    "OFSS.NS": {
        "Sell": 0.9740144610404968,
        "Hold": 0.02210056781768799,
        "Buy": 0.0038850156124681234
    },
    "TATAELXSI.NS": {
        "Sell": 0.980996310710907,
        "Hold": 0.01710970140993595,
        "Buy": 0.0018939924193546176
    },
    "ASHOKLEY.NS": {
        "Sell": 0.9876226186752319,
        "Hold": 0.011077162809669971,
        "Buy": 0.0013001301558688283
    },
    "TVSMOTOR.NS": {
        "Sell": 0.9778019785881042,
        "Hold": 0.019989918917417526,
        "Buy": 0.0022080300841480494
    },
    "ESCORTS.NS": {
        "Sell": 0.9730255603790283,
        "Hold": 0.02364400215446949,
        "Buy": 0.003330361330881715
    },
    "BHARATFORG.NS": {
        "Sell": 0.8671771883964539,
        "Hold": 0.11524910479784012,
        "Buy": 0.017573781311511993
    },
    "BOSCHLTD.NS": {
        "Sell": 0.8768829107284546,