{
    "RELIANCE.NS": {
        "Sell": 0.9604146480560303,
        "Hold": 0.03605438023805618,
        "Buy": 0.0035310036037117243
    },
    "TCS.NS": {
        "Sell": 0.9704835414886475,
        "Hold": 0.025223983451724052,
        "Buy": 0.004292481578886509
    },
    "HDFCBANK.NS": {
        "Sell": 0.9618214964866638,
        "Hold": 0.03426773101091385,
        "Buy": 0.003910712897777557
    },
    "ICICIBANK.NS": {
        "Sell": 0.9652494192123413,
        "Hold": 0.031176049262285233,
        "Buy": 0.003574496367946267
    },
    "INFY.NS": {
        "Sell": 0.9678244590759277,
        "Hold": 0.027755726128816605,
        "Buy": 0.004419870674610138
    },
    "ITC.NS": {
        "Sell": 0.9325467348098755,
        "Hold": 0.061493270099163055,
        "Buy": 0.005959991365671158
    },
    "LT.NS": {
        "Sell": 0.9847650527954102,
        "Hold": 0.01383928768336773,
        "Buy": 0.0013956784969195724
    },
    "BHARTIARTL.NS": {
        "Sell": 0.7839440703392029,
        "Hold": 0.1923549622297287,
        "Buy": 0.02370094694197178
    },
    "SBIN.NS": {
        "Sell": 0.9681410789489746,
        "Hold": 0.028840767219662666,
        "Buy": 0.0030180837493389845
    },
    "HINDUNILVR.NS": {
        "Sell": 0.946029782295227,
        "Hold": 0.04936085268855095,
        "Buy": 0.00460934778675437
    },
    "M&M.NS": {
        "Sell": 0.9864006638526917,
        "Hold": 0.011934400536119938,
        "Buy": 0.0016648868331685662
    },
    "MARUTI.NS": {
        "Sell": 0.9666057825088501,
        "Hold": 0.029827209189534187,
        "Buy": 0.003566999454051256
    },
    "SUNPHARMA.NS": {
        "Sell": 0.9009140729904175,
        "Hold": 0.08907318860292435,
        "Buy": 0.01001268532127142
    },
    "TATASTEEL.NS": {
        "Sell": 0.9590803980827332,
        "Hold": 0.03784717619419098,
        "Buy": 0.0030723910313099623
    },
    "BAJFINANCE.NS": {
        "Sell": 0.7080175280570984,
        "Hold": 0.24187159538269043,
        "Buy": 0.050110865384340286
    },
    "NTPC.NS": {
        "Sell": 0.7648366689682007,
        "Hold": 0.20995761454105377,
        "Buy": 0.02520565316081047
    },
    "ONGC.NS": {
        "Sell": 0.5457294583320618,
        "Hold": 0.377469539642334,
        "Buy": 0.07680094987154007
    },
    "ASIANPAINT.NS": {
        "Sell": 0.7895506620407104,
        "Hold": 0.18571728467941284,
        "Buy": 0.024731960147619247
    },
    "TITAN.NS": {
        "Sell": 0.820909857749939,
        "Hold": 0.1565871238708496,
        "Buy": 0.022503115236759186
    },
    "ULTRACEMCO.NS": {
        "Sell": 0.9530581831932068,
        "Hold": 0.04256616160273552,
        "Buy": 0.0043755462393164635
    },
    "WIPRO.NS": {
        "Sell": 0.9712386131286621,
        "Hold": 0.025635307654738426,
        "Buy": 0.003126108320429921
    },
    "HCLTECH.NS": {
        "Sell": 0.9586682319641113,
        "Hold": 0.035686641931533813,
        "Buy": 0.005645041354000568
    },
    "KOTAKBANK.NS": {
        "Sell": 0.9784486889839172,
        "Hold": 0.019315600395202637,
        "Buy": 0.002235702471807599
    },
    "AXISBANK.NS": {
        "Sell": 0.9345324635505676,
        "Hold": 0.05843329802155495,
        "Buy": 0.0070340740494430065
    },
    "POWERGRID.NS": {
        "Sell": 0.6382802724838257,
        "Hold": 0.3153219521045685,
        "Buy": 0.04639770835638046
    },
    "BPCL.NS": {
        "Sell": 0.8910626769065857,
        "Hold": 0.09382067620754242,
        "Buy": 0.015116567723453045
    },
    "GRASIM.NS": {
        "Sell": 0.9254546761512756,
        "Hold": 0.06793204694986343,
        "Buy": 0.0066132922656834126
    },
    "JSWSTEEL.NS": {
        "Sell": 0.9669390916824341,
        "Hold": 0.030375191941857338,
        "Buy": 0.002685688203200698
    },
    "ADANIPORTS.NS": {
        "Sell": 0.7716342806816101,
        "Hold": 0.19705364108085632,
        "Buy": 0.03131209313869476
    },
    "INDUSINDBK.NS": {
        "Sell": 0.821508526802063,
        "Hold": 0.15526770055294037,
        "Buy": 0.023223744705319405
    },
    "DRREDDY.NS": {
        "Sell": 0.9733713865280151,
        "Hold": 0.023893015459179878,
        "Buy": 0.0027356664650142193
    },
    "CIPLA.NS": {
        "Sell": 0.9026133418083191,
        "Hold": 0.08678257465362549,
        "Buy": 0.010604058392345905
    },
    "EICHERMOT.NS": {
        "Sell": 0.9895368218421936,
        "Hold": 0.00939143169671297,
        "Buy": 0.0010716920951381326
    },
    "APOLLOHOSP.NS": {
        "Sell": 0.9408559799194336,
        "Hold": 0.05361577123403549,
        "Buy": 0.005528235342353582
    },
    "DIVISLAB.NS": {
        "Sell": 0.9598967432975769,
        "Hold": 0.03642753139138222,
        "Buy": 0.0036756633780896664
    },
    "TATACONSUM.NS": {
        "Sell": 0.9883304834365845,
        "Hold": 0.01045751292258501,
        "Buy": 0.001211986062116921
    },
    "BRITANNIA.NS": {
        "Sell": 0.8756547570228577,
        "Hold": 0.11075197905302048,
        "Buy": 0.013593235984444618
    },
    "BAJAJ-AUTO.NS": {
        "Sell": 0.9554676413536072,
        "Hold": 0.040964849293231964,
        "Buy": 0.003567445557564497
    },
    "HEROMOTOCO.NS": {
        "Sell": 0.9507529735565186,
        "Hold": 0.04455186426639557,
        "Buy": 0.004695301875472069
    },
    "TECHM.NS": {
        "Sell": 0.9531102180480957,
        "Hold": 0.040971945971250534,
        "Buy": 0.005917877424508333
    },
    "FEDERALBNK.NS": {
        "Sell": 0.8751840591430664,
        "Hold": 0.11053383350372314,
        "Buy": 0.014282184652984142
    },
    "PNB.NS": {
        "Sell": 0.9437868595123291,
        "Hold": 0.05113707855343819,
        "Buy": 0.005076075904071331
    },
    "BANKBARODA.NS": {
        "Sell": 0.9671707153320312,
        "Hold": 0.0292917862534523,
        "Buy": 0.0035374746657907963
    },
    "CANBK.NS": {
        "Sell": 0.9604845643043518,
        "Hold": 0.03539992868900299,
        "Buy": 0.004115554504096508
    },
    "IOB.NS": {
        "Sell": 0.8855922818183899,
        "Hold": 0.10220491141080856,
        "Buy": 0.012202783487737179
    },
    "UNIONBANK.NS": {
        "Sell": 0.9262308478355408,
        "Hold": 0.06685201078653336,
        "Buy": 0.006917088758200407
    },
    "CHOLAFIN.NS": {
        "Sell": 0.9291985630989075,
        "Hold": 0.062484242022037506,
        "Buy": 0.008317176252603531
    },
    "M&MFIN.NS": {
        "Sell": 0.9888955354690552,
        "Hold": 0.009599453769624233,
        "Buy": 0.0015049159992486238
    },
    "PFC.NS": {
        "Sell": 0.8762176632881165,
        "Hold": 0.10861802846193314,
        "Buy": 0.015164326876401901
    },
    "LICHSGFIN.NS": {
        "Sell": 0.9189293384552002,
        "Hold": 0.07294037193059921,
        "Buy": 0.008130365051329136
    },
    "PERSISTENT.NS": {
        "Sell": 0.9720779061317444,
        "Hold": 0.02397153154015541,
        "Buy": 0.003950517158955336
    },
    "MPHASIS.NS": {
        "Sell": 0.9833167195320129,
        "Hold": 0.014294332824647427,
        "Buy": 0.002388971857726574
    },
    "OFSS.NS": {
        "Sell": 0.9787231683731079,
        "Hold": 0.01808950863778591,
        "Buy": 0.0031872501131147146
    },
    "TATAELXSI.NS": {
        "Sell": 0.9911499619483948,
        "Hold": 0.007802755571901798,
        "Buy": 0.0010471739806234837
    },
    "ASHOKLEY.NS": {
        "Sell": 0.9711313247680664,
        "Hold": 0.02447264827787876,
        "Buy": 0.004396029748022556
    },
    "TVSMOTOR.NS": {
        "Sell": 0.9843764305114746,
        "Hold": 0.01384095847606659,
        "Buy": 0.0017826384864747524
    },
    "ESCORTS.NS": {
        "Sell": 0.9133355021476746,
        "Hold": 0.076609767973423,
        "Buy": 0.01005467027425766
    },
    "BHARATFORG.NS": {
        "Sell": 0.9531440138816833,
        "Hold": 0.040730252861976624,
        "Buy": 0.006125757470726967
    },
    "BOSCHLTD.NS": {
        "Sell": 0.9441696405410767,