{
    "RELIANCE.NS": {
        "Sell": 0.9393634796142578,
        "Hold": 0.05478806793689728,
        "Buy": 0.005848472937941551
    },
    "TCS.NS": {
        "Sell": 0.8543248772621155,
        "Hold": 0.12436200678348541,
        "Buy": 0.021313194185495377
    },
    "HDFCBANK.NS": {
        "Sell": 0.9669399261474609,
        "Hold": 0.02946922555565834,
        "Buy": 0.003590873908251524
    },
    "ICICIBANK.NS": {
        "Sell": 0.916904091835022,
        "Hold": 0.07390092313289642,
        "Buy": 0.009194946847856045
    },
    "INFY.NS": {
        "Sell": 0.9041361212730408,
        "Hold": 0.0825490653514862,
        "Buy": 0.013314899988472462
    },
    "ITC.NS": {
        "Sell": 0.9834284782409668,
        "Hold": 0.015149113722145557,
        "Buy": 0.001422426081262529
    },
    "LT.NS": {
        "Sell": 0.953961193561554,
        "Hold": 0.042117320001125336,
        "Buy": 0.003921556286513805
    },
    "BHARTIARTL.NS": {
        "Sell": 0.9558020234107971,
        "Hold": 0.03996778652071953,
        "Buy": 0.004230136051774025
    },
    "SBIN.NS": {
        "Sell": 0.9447197914123535,
        "Hold": 0.05048743262887001,
        "Buy": 0.004792860243469477
    },
    "HINDUNILVR.NS": {
        "Sell": 0.9813928008079529,
        "Hold": 0.017044205218553543,
        "Buy": 0.0015629613772034645
    },
    "M&M.NS": {
        "Sell": 0.9517599940299988,
        "Hold": 0.04267241433262825,
        "Buy": 0.005567501299083233
    },
    "MARUTI.NS": {
        "Sell": 0.9908753633499146,
        "Hold": 0.00803806260228157,
        "Buy": 0.001086641103029251
    },
    "SUNPHARMA.NS": {
        "Sell": 0.8955173492431641,
        "Hold": 0.09480345994234085,
        "Buy": 0.009679263457655907
    },
    "TATASTEEL.NS": {
        "Sell": 0.9158594608306885,
        "Hold": 0.07649635523557663,
        "Buy": 0.00764417415484786
    },
    "BAJFINANCE.NS": {
        "Sell": 0.9703571200370789,
        "Hold": 0.025859646499156952,
        "Buy": 0.0037832760717719793
    },
    "NTPC.NS": {
        "Sell": 0.9381780624389648,
        "Hold": 0.05572918429970741,
        "Buy": 0.006092719733715057
    },
    "ONGC.NS": {
        "Sell": 0.9143379330635071,
        "Hold": 0.07605409622192383,
        "Buy": 0.009607960470020771
    },
    "ASIANPAINT.NS": {
        "Sell": 0.9548120498657227,
        "Hold": 0.040942344814538956,
        "Buy": 0.004245588090270758
    },
    "TITAN.NS": {
        "Sell": 0.9766408801078796,
        "Hold": 0.021143078804016113,
        "Buy": 0.0022159854415804148
    },
    "ULTRACEMCO.NS": {
        "Sell": 0.9461280107498169,
        "Hold": 0.04946281760931015,
        "Buy": 0.004409077111631632
    },
    "WIPRO.NS": {
        "Sell": 0.6156688332557678,
        "Hold": 0.3233880400657654,
        "Buy": 0.06094302237033844
    },
    "HCLTECH.NS": {
        "Sell": 0.8547132015228271,
        "Hold": 0.1217430979013443,
        "Buy": 0.02354380488395691
    },
    "KOTAKBANK.NS": {
        "Sell": 0.9204384088516235,
        "Hold": 0.07244428992271423,
        "Buy": 0.007117257919162512
    },
    "AXISBANK.NS": {
        "Sell": 0.9705522656440735,
        "Hold": 0.026695502921938896,
        "Buy": 0.0027522866148501635
    },
    "POWERGRID.NS": {
        "Sell": 0.9218101501464844,
        "Hold": 0.07217895984649658,
        "Buy": 0.006010848097503185
    },
    "BPCL.NS": {
        "Sell": 0.9794060587882996,
        "Hold": 0.018086591735482216,
        "Buy": 0.002507338998839259
    },
    "GRASIM.NS": {
        "Sell": 0.9344937801361084,
        "Hold": 0.059146981686353683,
        "Buy": 0.006359139923006296
    },
    "JSWSTEEL.NS": {
        "Sell": 0.9621012806892395,
        "Hold": 0.034634076058864594,
        "Buy": 0.003264716127887368
    },
    "ADANIPORTS.NS": {
        "Sell": 0.8887568116188049,
        "Hold": 0.09882574528455734,
        "Buy": 0.012417408637702465
    },
    "INDUSINDBK.NS": {
        "Sell": 0.9466266632080078,
        "Hold": 0.0459732785820961,
        "Buy": 0.007400082424283028
    },
    "DRREDDY.NS": {
        "Sell": 0.9817661046981812,
        "Hold": 0.015986613929271698,
        "Buy": 0.0022473318967968225
    },
    "CIPLA.NS": {
        "Sell": 0.9360439777374268,
        "Hold": 0.057280149310827255,
        "Buy": 0.006675940006971359
    },
    "EICHERMOT.NS": {
        "Sell": 0.9856619834899902,
        "Hold": 0.01277836412191391,
        "Buy": 0.0015596388839185238
    },
    "APOLLOHOSP.NS": {
        "Sell": 0.9170308113098145,
        "Hold": 0.07539632171392441,
        "Buy": 0.007572802249342203
    },
    "DIVISLAB.NS": {
        "Sell": 0.6066567897796631,
        "Hold": 0.33253389596939087,
        "Buy": 0.060809388756752014
    },
    "TATACONSUM.NS": {
        "Sell": 0.9739950895309448,
        "Hold": 0.02354598417878151,
        "Buy": 0.002458839910104871
    },
    "BRITANNIA.NS": {
        "Sell": 0.9584566950798035,
        "Hold": 0.03728888928890228,
        "Buy": 0.004254502709954977
    },
    "BAJAJ-AUTO.NS": {
        "Sell": 0.9192489981651306,
        "Hold": 0.07216212153434753,
        "Buy": 0.008588737808167934
    },
    "HEROMOTOCO.NS": {
        "Sell": 0.9628676176071167,
        "Hold": 0.03305819630622864,
        "Buy": 0.004074083641171455
    },
    "TECHM.NS": {
        "Sell": 0.9079267978668213,
        "Hold": 0.07925239205360413,
        "Buy": 0.01282076071947813
    },
    "FEDERALBNK.NS": {
        "Sell": 0.9427416324615479,
        "Hold": 0.05077097937464714,
        "Buy": 0.006487458478659391
    },
    "PNB.NS": {
        "Sell": 0.8436753153800964,
        "Hold": 0.1380929946899414,
        "Buy": 0.018231621012091637
    },
    "BANKBARODA.NS": {
        "Sell": 0.9166015982627869,
        "Hold": 0.07467605173587799,
        "Buy": 0.008722271770238876
    },
    "CANBK.NS": {
        "Sell": 0.6237128973007202,
        "Hold": 0.31063440442085266,
        "Buy": 0.06565267592668533
    },
    "IOB.NS": {
        "Sell": 0.9096184968948364,
        "Hold": 0.08096300065517426,
        "Buy": 0.009418560191988945
    },
    "UNIONBANK.NS": {
        "Sell": 0.7863966226577759,
        "Hold": 0.18497295677661896,
        "Buy": 0.02863038145005703
    },
    "CHOLAFIN.NS": {
        "Sell": 0.9588186144828796,
        "Hold": 0.03564753755927086,
        "Buy": 0.0055338190868496895
    },
    "M&MFIN.NS": {
        "Sell": 0.852429211139679,
        "Hold": 0.12382341176271439,
        "Buy": 0.023747431114315987
    },
    "PFC.NS": {
        "Sell": 0.9034105539321899,
        "Hold": 0.08741676807403564,
        "Buy": 0.009172727353870869
    },
    "LICHSGFIN.NS": {
        "Sell": 0.8008149862289429,
        "Hold": 0.17722448706626892,
        "Buy": 0.02196052297949791
    },
    "PERSISTENT.NS": {
        "Sell": 0.881839394569397,
        "Hold": 0.10105850547552109,
        "Buy": 0.017101986333727837
    },
    "MPHASIS.NS": {
        "Sell": 0.928492546081543,
        "Hold": 0.06109289079904556,
        "Buy": 0.010414620861411095
    },
    "OFSS.NS": {
        "Sell": 0.804965078830719,
        "Hold": 0.16167323291301727,
        "Buy": 0.03336166962981224
    },
    "TATAELXSI.NS": {
        "Sell": 0.9156219959259033,
        "Hold": 0.07516743242740631,
        "Buy": 0.009210492484271526
    },
    "ASHOKLEY.NS": {
        "Sell": 0.8997173309326172,
        "Hold": 0.08424188196659088,
        "Buy": 0.016040802001953125
    },
    "TVSMOTOR.NS": {
        "Sell": 0.9497032165527344,
        "Hold": 0.043175652623176575,
        "Buy": 0.007121113128960133
    },
    "ESCORTS.NS": {
        "Sell": 0.932628870010376,
        "Hold": 0.0589914508163929,
        "Buy": 0.008379551582038403
    },
    "BHARATFORG.NS": {
        "Sell": 0.7716285586357117,
        "Hold": 0.18342739343643188,
        "Buy": 0.04494404420256615
    },
    "BOSCHLTD.NS": {
        "Sell": 0.9015405774116516,
        "Hold": 0.08742433786392212,