{
    "RELIANCE.NS": {
        "Sell": 0.967278778553009,
        "Hold": 0.02987517975270748,
        "Buy": 0.002846099203452468
    },
    "TCS.NS": {
        "Sell": 0.9225525259971619,
        "Hold": 0.06959042698144913,
        "Buy": 0.007857014425098896
    },
    "HDFCBANK.NS": {
        "Sell": 0.9155092239379883,
        "Hold": 0.07626199722290039,
        "Buy": 0.008228705264627934
    },
    "ICICIBANK.NS": {
        "Sell": 0.888594925403595,
        "Hold": 0.10000348836183548,
        "Buy": 0.01140148937702179
    },
    "INFY.NS": {
        "Sell": 0.9670800566673279,
        "Hold": 0.029341921210289,
        "Buy": 0.003577953903004527
    },
    "ITC.NS": {
        "Sell": 0.8950566649436951,
        "Hold": 0.09425423294305801,
        "Buy": 0.01068910676985979
    },
    "LT.NS": {
        "Sell": 0.9272215962409973,
        "Hold": 0.0661848783493042,
        "Buy": 0.006593578029423952
    },
    "BHARTIARTL.NS": {
        "Sell": 0.9772756695747375,
        "Hold": 0.020563354715704918,
        "Buy": 0.002161010168492794
    },
    "SBIN.NS": {
        "Sell": 0.9397669434547424,
        "Hold": 0.05509858950972557,
        "Buy": 0.0051343622617423534
    },
    "HINDUNILVR.NS": {
        "Sell": 0.8845566511154175,
        "Hold": 0.10417377203702927,
        "Buy": 0.011269606649875641
    },
    "M&M.NS": {
        "Sell": 0.8763228058815002,
        "Hold": 0.10990573465824127,
        "Buy": 0.013771426863968372
    },
    "MARUTI.NS": {
        "Sell": 0.9537160396575928,
        "Hold": 0.04203177988529205,
        "Buy": 0.004252174869179726
    },
    "SUNPHARMA.NS": {
        "Sell": 0.9478404521942139,
        "Hold": 0.047586943954229355,
        "Buy": 0.004572611302137375
    },
    "TATASTEEL.NS": {
        "Sell": 0.9798826575279236,
        "Hold": 0.018273627385497093,
        "Buy": 0.0018437005346640944
    },
    "BAJFINANCE.NS": {
        "Sell": 0.9230318665504456,
        "Hold": 0.06963247805833817,
        "Buy": 0.0073356409557163715
    },
    "NTPC.NS": {
        "Sell": 0.9662368893623352,
        "Hold": 0.030558910220861435,
        "Buy": 0.003204223932698369
    },
    "ONGC.NS": {
        "Sell": 0.9736961126327515,
        "Hold": 0.023695092648267746,
        "Buy": 0.0026088652666658163
    },
    "ASIANPAINT.NS": {
        "Sell": 0.7378591299057007,
        "Hold": 0.23342104256153107,
        "Buy": 0.02871987223625183
    },
    "TITAN.NS": {
        "Sell": 0.912986159324646,
        "Hold": 0.07741878181695938,
        "Buy": 0.009595079347491264
    },
    "ULTRACEMCO.NS": {
        "Sell": 0.9354191422462463,
        "Hold": 0.05898633971810341,
        "Buy": 0.005594484508037567
    },
    "WIPRO.NS": {
        "Sell": 0.945655882358551,
        "Hold": 0.048249948769807816,
        "Buy": 0.006094152573496103
    },
    "HCLTECH.NS": {
        "Sell": 0.94090336561203,
        "Hold": 0.05312766507267952,
        "Buy": 0.00596889341250062
    },
    "KOTAKBANK.NS": {
        "Sell": 0.9588536620140076,
        "Hold": 0.03796158358454704,
        "Buy": 0.0031848002690821886
    },
    "AXISBANK.NS": {
        "Sell": 0.9291538596153259,
        "Hold": 0.06526941806077957,
        "Buy": 0.00557676050812006
    },
    "POWERGRID.NS": {
        "Sell": 0.9188081622123718,
        "Hold": 0.07292835414409637,
        "Buy": 0.008263517171144485
    },
    "BPCL.NS": {
        "Sell": 0.9597263336181641,
        "Hold": 0.03651319816708565,
        "Buy": 0.00376044656150043
    },
    "GRASIM.NS": {
        "Sell": 0.98125159740448,
        "Hold": 0.01699325069785118,
        "Buy": 0.001755235716700554
    },
    "JSWSTEEL.NS": {
        "Sell": 0.9609734416007996,
        "Hold": 0.035055480897426605,
        "Buy": 0.003971151541918516
    },
    "ADANIPORTS.NS": {
        "Sell": 0.9547386765480042,
        "Hold": 0.040780022740364075,
        "Buy": 0.004481295123696327
    },
    "INDUSINDBK.NS": {
        "Sell": 0.6786714196205139,
        "Hold": 0.2759833037853241,
        "Buy": 0.04534526541829109
    },
    "DRREDDY.NS": {
        "Sell": 0.7827408909797668,
        "Hold": 0.19543085992336273,
        "Buy": 0.021828321740031242
    },
    "CIPLA.NS": {
        "Sell": 0.9728583097457886,
        "Hold": 0.02446422539651394,
        "Buy": 0.002677532145753503
    },
    "EICHERMOT.NS": {
        "Sell": 0.9662287831306458,
        "Hold": 0.030546344816684723,
        "Buy": 0.0032248820643872023
    },
    "APOLLOHOSP.NS": {
        "Sell": 0.8464053869247437,
        "Hold": 0.13806185126304626,
        "Buy": 0.015532770194113255
    },
    "DIVISLAB.NS": {
        "Sell": 0.9791184663772583,
        "Hold": 0.01897445321083069,
        "Buy": 0.0019070429261773825
    },
    "TATACONSUM.NS": {
        "Sell": 0.9306037425994873,
        "Hold": 0.06265418231487274,
        "Buy": 0.006742026191204786
    },
    "BRITANNIA.NS": {
        "Sell": 0.9606967568397522,
        "Hold": 0.03636852279305458,
        "Buy": 0.0029347275849431753
    },
    "BAJAJ-AUTO.NS": {
        "Sell": 0.9898747205734253,
        "Hold": 0.009139952249825,
        "Buy": 0.000985366408713162
    },
    "HEROMOTOCO.NS": {
        "Sell": 0.969763457775116,
        "Hold": 0.027690881863236427,
        "Buy": 0.002545610535889864
    },
    "TECHM.NS": {
        "Sell": 0.9559671878814697,
        "Hold": 0.039460405707359314,
        "Buy": 0.004572433419525623
    },
    "FEDERALBNK.NS": {
        "Sell": 0.9369685053825378,
        "Hold": 0.05732986703515053,
        "Buy": 0.005701545160263777
    },
    "PNB.NS": {
        "Sell": 0.9745664596557617,
        "Hold": 0.023131508380174637,
        "Buy": 0.0023019977379590273
    },
    "BANKBARODA.NS": {
        "Sell": 0.9856479167938232,
        "Hold": 0.012548930943012238,
        "Buy": 0.0018031168729066849
    },
    "CANBK.NS": {
        "Sell": 0.9879859089851379,
        "Hold": 0.010696538724005222,
        "Buy": 0.001317524933256209
    },
    "IOB.NS": {
        "Sell": 0.9780880212783813,
        "Hold": 0.019861813634634018,
        "Buy": 0.002050149254500866
    },
    "UNIONBANK.NS": {
        "Sell": 0.9480649828910828,
        "Hold": 0.046902839094400406,
        "Buy": 0.005032185465097427
    },
    "CHOLAFIN.NS": {
        "Sell": 0.8992248773574829,
        "Hold": 0.09136420488357544,
        "Buy": 0.00941094383597374
    },
    "M&MFIN.NS": {
        "Sell": 0.6397680640220642,
        "Hold": 0.31756699085235596,
        "Buy": 0.04266498237848282
    },
    "PFC.NS": {
        "Sell": 0.9876870512962341,
        "Hold": 0.01085641048848629,
        "Buy": 0.00145653763320297
    },
    "LICHSGFIN.NS": {
        "Sell": 0.833980917930603,
        "Hold": 0.14826473593711853,
        "Buy": 0.017754266038537025
    },
    "PERSISTENT.NS": {
        "Sell": 0.9875805377960205,
        "Hold": 0.010847742669284344,
        "Buy": 0.001571699627675116
    },
    "MPHASIS.NS": {
        "Sell": 0.9660192728042603,
        "Hold": 0.029836244881153107,
        "Buy": 0.004144467879086733
    },
    "OFSS.NS": {
        "Sell": 0.5642129778862,
        "Hold": 0.36067861318588257,
        "Buy": 0.07510842382907867
    },
    "TATAELXSI.NS": {
        "Sell": 0.9759215712547302,
        "Hold": 0.02150447480380535,
        "Buy": 0.002573946490883827
    },
    "ASHOKLEY.NS": {
        "Sell": 0.9320430159568787,
        "Hold": 0.06071315333247185,
        "Buy": 0.007243792992085218
    },
    "TVSMOTOR.NS": {
        "Sell": 0.9677554965019226,
        "Hold": 0.028775770217180252,
        "Buy": 0.0034687849693000317
    },
    "ESCORTS.NS": {
        "Sell": 0.9834859371185303,
        "Hold": 0.014537904411554337,
        "Buy": 0.0019760604482144117
    },
    "BHARATFORG.NS": {
        "Sell": 0.9373050332069397,
        "Hold": 0.05543152242898941,
        "Buy": 0.007263489533215761
    },
    "BOSCHLTD.NS": {
        "Sell": 0.9402879476547241,
        "Hold": 0.053574249148368835,