{
    "RELIANCE.NS": {
        "Sell": 0.7745802402496338,
        "Hold": 0.19513718783855438,
        "Buy": 0.030282488092780113
    },
    "TCS.NS": {
        "Sell": 0.7322337031364441,
        "Hold": 0.22231513261795044,
        "Buy": 0.04545111581683159
    },
    "HDFCBANK.NS": {
        "Sell": 0.7870880961418152,
        "Hold": 0.18276159465312958,
        "Buy": 0.0301502775400877
    },
    "ICICIBANK.NS": {
        "Sell": 0.8743686676025391,
        "Hold": 0.11171023547649384,
        "Buy": 0.013921082951128483
    },
    "INFY.NS": {
        "Sell": 0.35404613614082336,
        "Hold": 0.4901158809661865,
        "Buy": 0.15583787858486176
    },
    "ITC.NS": {
        "Sell": 0.9546239376068115,
        "Hold": 0.04134219512343407,
        "Buy": 0.004033892881125212
    },
    "LT.NS": {
        "Sell": 0.9379674792289734,
        "Hold": 0.05653297156095505,
        "Buy": 0.00549959996715188
    },
    "BHARTIARTL.NS": {
        "Sell": 0.9853836894035339,
        "Hold": 0.013167730532586575,
        "Buy": 0.0014485549181699753
    },
    "SBIN.NS": {
        "Sell": 0.838638961315155,
        "Hold": 0.14120961725711823,
        "Buy": 0.020151391625404358
    },
    "HINDUNILVR.NS": {
        "Sell": 0.8788601756095886,
        "Hold": 0.10761549323797226,
        "Buy": 0.013524328358471394
    },
    "M&M.NS": {
        "Sell": 0.44000911712646484,
        "Hold": 0.4503478705883026,
        "Buy": 0.10964301973581314
    },
    "MARUTI.NS": {
        "Sell": 0.7515313625335693,
        "Hold": 0.22105367481708527,
        "Buy": 0.027414947748184204
    },
    "SUNPHARMA.NS": {
        "Sell": 0.936631977558136,
        "Hold": 0.05806067958474159,
        "Buy": 0.005307335406541824
    },
    "TATASTEEL.NS": {
        "Sell": 0.969875693321228,
        "Hold": 0.027055049315094948,
        "Buy": 0.003069266676902771
    },
    "BAJFINANCE.NS": {
        "Sell": 0.8958747982978821,
        "Hold": 0.09237488359212875,
        "Buy": 0.011750276200473309
    },
    "NTPC.NS": {
        "Sell": 0.9788593053817749,
        "Hold": 0.018880831077694893,
        "Buy": 0.0022597964853048325
    },
    "ONGC.NS": {
        "Sell": 0.9833900332450867,
        "Hold": 0.014875873923301697,
        "Buy": 0.0017340498743578792
    },
    "ASIANPAINT.NS": {
        "Sell": 0.9622390866279602,
        "Hold": 0.03421739488840103,
        "Buy": 0.003543514059856534
    },
    "TITAN.NS": {
        "Sell": 0.9748772382736206,
        "Hold": 0.02234477363526821,
        "Buy": 0.0027780169621109962
    },
    "ULTRACEMCO.NS": {
        "Sell": 0.8539705872535706,
        "Hold": 0.12975357472896576,
        "Buy": 0.016275810077786446
    },
    "WIPRO.NS": {
        "Sell": 0.9363468885421753,
        "Hold": 0.055629879236221313,
        "Buy": 0.0080232173204422
    },
    "HCLTECH.NS": {
        "Sell": 0.8597936034202576,
        "Hold": 0.12053456902503967,
        "Buy": 0.019671855494379997
    },
    "KOTAKBANK.NS": {
        "Sell": 0.7141566872596741,
        "Hold": 0.252045214176178,
        "Buy": 0.03379806876182556
    },
    "AXISBANK.NS": {
        "Sell": 0.9051437377929688,
        "Hold": 0.08637486398220062,
        "Buy": 0.008481401950120926
    },
    "POWERGRID.NS": {
        "Sell": 0.9788092970848083,
        "Hold": 0.01899600401520729,
        "Buy": 0.0021946982014924288
    },
    "BPCL.NS": {
        "Sell": 0.5687249898910522,
        "Hold": 0.3593464493751526,
        "Buy": 0.07192861288785934
    },
    "GRASIM.NS": {
        "Sell": 0.9597466588020325,
        "Hold": 0.03658592700958252,
        "Buy": 0.003667428158223629
    },
    "JSWSTEEL.NS": {
        "Sell": 0.9767141342163086,
        "Hold": 0.020691074430942535,
        "Buy": 0.0025948064867407084
    },
    "ADANIPORTS.NS": {
        "Sell": 0.9649181962013245,
        "Hold": 0.03099319152534008,
        "Buy": 0.004088696092367172
    },
    "INDUSINDBK.NS": {
        "Sell": 0.9787636995315552,
        "Hold": 0.018686017021536827,
        "Buy": 0.0025501903146505356
    },
    "DRREDDY.NS": {
        "Sell": 0.6288708448410034,
        "Hold": 0.3271332383155823,
        "Buy": 0.043995942920446396
    },
    "CIPLA.NS": {
        "Sell": 0.6307433843612671,
        "Hold": 0.3243230879306793,
        "Buy": 0.04493357986211777
    },
    "EICHERMOT.NS": {
        "Sell": 0.9303690195083618,
        "Hold": 0.061793964356184006,
        "Buy": 0.007837035693228245
    },
    "APOLLOHOSP.NS": {
        "Sell": 0.9532545804977417,
        "Hold": 0.0429692342877388,
        "Buy": 0.003776150057092309
    },
    "DIVISLAB.NS": {
        "Sell": 0.9410269856452942,
        "Hold": 0.05331529304385185,
        "Buy": 0.005657755769789219
    },
    "TATACONSUM.NS": {
        "Sell": 0.8709769248962402,
        "Hold": 0.11568102240562439,
        "Buy": 0.013342075981199741
    },
    "BRITANNIA.NS": {
        "Sell": 0.8489571809768677,
        "Hold": 0.13690952956676483,
        "Buy": 0.014133290387690067
    },
    "BAJAJ-AUTO.NS": {
        "Sell": 0.9630645513534546,
        "Hold": 0.03355870395898819,
        "Buy": 0.003376786597073078
    },
    "HEROMOTOCO.NS": {
        "Sell": 0.9271305799484253,
        "Hold": 0.06586863100528717,
        "Buy": 0.00700083514675498
    },
    "TECHM.NS": {
        "Sell": 0.6176154613494873,
        "Hold": 0.31875792145729065,
        "Buy": 0.06362654268741608
    },
    "FEDERALBNK.NS": {
        "Sell": 0.9600517749786377,
        "Hold": 0.036049652844667435,
        "Buy": 0.003898472059518099
    },
    "PNB.NS": {
        "Sell": 0.9157649278640747,
        "Hold": 0.07497332245111465,
        "Buy": 0.00926182884722948
    },
    "BANKBARODA.NS": {
        "Sell": 0.901686429977417,
        "Hold": 0.08489632606506348,
        "Buy": 0.013417219743132591
    },
    "CANBK.NS": {
        "Sell": 0.9390370845794678,
        "Hold": 0.054240141063928604,
        "Buy": 0.006722826045006514
    },
    "IOB.NS": {
        "Sell": 0.9352627992630005,
        "Hold": 0.05839068815112114,
        "Buy": 0.006346492562443018
    },
    "UNIONBANK.NS": {
        "Sell": 0.9393649697303772,
        "Hold": 0.0537310391664505,
        "Buy": 0.0069039505906403065
    },
    "CHOLAFIN.NS": {
        "Sell": 0.7514623403549194,
        "Hold": 0.21835769712924957,
        "Buy": 0.030179936438798904
    },
    "M&MFIN.NS": {
        "Sell": 0.21496035158634186,
        "Hold": 0.5897462368011475,
        "Buy": 0.19529345631599426
    },
    "PFC.NS": {
        "Sell": 0.9370201230049133,
        "Hold": 0.05624598264694214,
        "Buy": 0.006733929272741079
    },
    "LICHSGFIN.NS": {
        "Sell": 0.9428586959838867,
        "Hold": 0.051733821630477905,
        "Buy": 0.005407485645264387
    },
    "PERSISTENT.NS": {
        "Sell": 0.7358510494232178,
        "Hold": 0.21697644889354706,
        "Buy": 0.047172464430332184
    },
    "MPHASIS.NS": {
        "Sell": 0.747978687286377,
        "Hold": 0.20841756463050842,
        "Buy": 0.04360376298427582
    },
    "OFSS.NS": {
        "Sell": 0.6686539649963379,
        "Hold": 0.27741697430610657,
        "Buy": 0.053928960114717484
    },
    "TATAELXSI.NS": {
        "Sell": 0.9060044288635254,
        "Hold": 0.08223951607942581,
        "Buy": 0.011756006628274918
    },
    "ASHOKLEY.NS": {
        "Sell": 0.7631939649581909,
        "Hold": 0.19565291702747345,
        "Buy": 0.04115321487188339
    },
    "TVSMOTOR.NS": {
        "Sell": 0.6894300580024719,
        "Hold": 0.2652709484100342,
        "Buy": 0.04529894143342972
    },
    "ESCORTS.NS": {
        "Sell": 0.7611501812934875,
        "Hold": 0.20909924805164337,
        "Buy": 0.029750609770417213
    },
    "BHARATFORG.NS": {
        "Sell": 0.8315823078155518,
        "Hold": 0.14589731395244598,
        "Buy": 0.02252042107284069
    },
    "BOSCHLTD.NS": {
        "Sell": 0.9110854864120483,
        "Hold": 0.07762853056192398,