{
    "RELIANCE.NS": {
        "Sell": 0.9239131808280945,
        "Hold": 0.06881210952997208,
        "Buy": 0.0072746314108371735
    },
    "TCS.NS": {
        "Sell": 0.9442650675773621,
        "Hold": 0.04745301231741905,
        "Buy": 0.00828198716044426
    },
    "HDFCBANK.NS": {
        "Sell": 0.9564390182495117,
        "Hold": 0.039240650832653046,
        "Buy": 0.004320356994867325
    },
    "ICICIBANK.NS": {
        "Sell": 0.923111617565155,
        "Hold": 0.06871168315410614,
        "Buy": 0.00817667692899704
    },
    "INFY.NS": {
        "Sell": 0.9360765814781189,
        "Hold": 0.05387706309556961,
        "Buy": 0.010046334005892277
    },
    "ITC.NS": {
        "Sell": 0.9649710059165955,
        "Hold": 0.03199850767850876,
        "Buy": 0.00303048943169415
    },
    "LT.NS": {
        "Sell": 0.9733677506446838,
        "Hold": 0.02411438338458538,
        "Buy": 0.0025178168434649706
    },
    "BHARTIARTL.NS": {
        "Sell": 0.8277933597564697,
        "Hold": 0.15468011796474457,
        "Buy": 0.017526425421237946
    },
    "SBIN.NS": {
        "Sell": 0.9235775470733643,
        "Hold": 0.06917954981327057,
        "Buy": 0.007242968305945396
    },
    "HINDUNILVR.NS": {
        "Sell": 0.8643338680267334,
        "Hold": 0.12202958762645721,
        "Buy": 0.013636565767228603
    },
    "M&M.NS": {
        "Sell": 0.6376731395721436,
        "Hold": 0.30508261919021606,
        "Buy": 0.05724417045712471
    },
    "MARUTI.NS": {
        "Sell": 0.20701083540916443,
        "Hold": 0.595795214176178,
        "Buy": 0.19719398021697998
    },
    "SUNPHARMA.NS": {
        "Sell": 0.9393033981323242,
        "Hold": 0.05508632957935333,
        "Buy": 0.005610187537968159
    },
    "TATASTEEL.NS": {
        "Sell": 0.9741750955581665,
        "Hold": 0.02336777001619339,
        "Buy": 0.0024570415262132883
    },
    "BAJFINANCE.NS": {
        "Sell": 0.7047374844551086,
        "Hold": 0.2516075670719147,
        "Buy": 0.0436549112200737
    },
    "NTPC.NS": {
        "Sell": 0.9753539562225342,
        "Hold": 0.022461770102381706,
        "Buy": 0.0021843286231160164
    },
    "ONGC.NS": {
        "Sell": 0.9606201648712158,
        "Hold": 0.03515923395752907,
        "Buy": 0.004220605827867985
    },
    "ASIANPAINT.NS": {
        "Sell": 0.9269924759864807,
        "Hold": 0.0666423812508583,
        "Buy": 0.006365146022289991
    },
    "TITAN.NS": {
        "Sell": 0.8195329308509827,
        "Hold": 0.15931059420108795,
        "Buy": 0.02115642838180065
    },
    "ULTRACEMCO.NS": {
        "Sell": 0.7169074416160583,
        "Hold": 0.2524205446243286,
        "Buy": 0.03067195788025856
    },
    "WIPRO.NS": {
        "Sell": 0.9531453251838684,
        "Hold": 0.040923040360212326,
        "Buy": 0.00593159906566143
    },
    "HCLTECH.NS": {
        "Sell": 0.8941684365272522,
        "Hold": 0.08881644159555435,
        "Buy": 0.01701519638299942
    },
    "KOTAKBANK.NS": {
        "Sell": 0.7956982851028442,
        "Hold": 0.17715705931186676,
        "Buy": 0.02714461088180542
    },
    "AXISBANK.NS": {
        "Sell": 0.9426789879798889,
        "Hold": 0.05199211835861206,
        "Buy": 0.005328836850821972
    },
    "POWERGRID.NS": {
        "Sell": 0.9648674726486206,
        "Hold": 0.03212382271885872,
        "Buy": 0.003008710453286767
    },
    "BPCL.NS": {
        "Sell": 0.5995768904685974,
        "Hold": 0.33685940504074097,
        "Buy": 0.06356366723775864
    },
    "GRASIM.NS": {
        "Sell": 0.7356295585632324,
        "Hold": 0.2350124716758728,
        "Buy": 0.02935800887644291
    },
    "JSWSTEEL.NS": {
        "Sell": 0.9635577201843262,
        "Hold": 0.03325311467051506,
        "Buy": 0.0031892412807792425
    },
    "ADANIPORTS.NS": {
        "Sell": 0.6414026021957397,
        "Hold": 0.3114531636238098,
        "Buy": 0.04714424908161163
    },
    "INDUSINDBK.NS": {
        "Sell": 0.5858646631240845,
        "Hold": 0.3587794303894043,
        "Buy": 0.055355969816446304
    },
    "DRREDDY.NS": {
        "Sell": 0.9704952836036682,
        "Hold": 0.025881130248308182,
        "Buy": 0.0036236424930393696
    },
    "CIPLA.NS": {
        "Sell": 0.9623686671257019,
        "Hold": 0.03400036692619324,
        "Buy": 0.003630876075476408
    },
    "EICHERMOT.NS": {
        "Sell": 0.8532459139823914,
        "Hold": 0.13028182089328766,
        "Buy": 0.016472216695547104
    },
    "APOLLOHOSP.NS": {
        "Sell": 0.9126027822494507,
        "Hold": 0.07940445840358734,
        "Buy": 0.007992779836058617
    },
    "DIVISLAB.NS": {
        "Sell": 0.554599404335022,
        "Hold": 0.3859846591949463,
        "Buy": 0.05941591411828995
    },
    "TATACONSUM.NS": {
        "Sell": 0.8483918309211731,
        "Hold": 0.13127021491527557,
        "Buy": 0.020338023081421852
    },
    "BRITANNIA.NS": {
        "Sell": 0.2817928194999695,
        "Hold": 0.5875053405761719,
        "Buy": 0.13070185482501984
    },
    "BAJAJ-AUTO.NS": {
        "Sell": 0.7686298489570618,
        "Hold": 0.2041822373867035,
        "Buy": 0.027187926694750786
    },
    "HEROMOTOCO.NS": {
        "Sell": 0.8386948108673096,
        "Hold": 0.14073295891284943,
        "Buy": 0.020572252571582794
    },
    "TECHM.NS": {
        "Sell": 0.9432138204574585,
        "Hold": 0.049160316586494446,
        "Buy": 0.007625876925885677
    },
    "FEDERALBNK.NS": {
        "Sell": 0.9382470846176147,
        "Hold": 0.055932771414518356,
        "Buy": 0.005820229649543762
    },
    "PNB.NS": {
        "Sell": 0.959273636341095,
        "Hold": 0.03680608049035072,
        "Buy": 0.003920348826795816
    },
    "BANKBARODA.NS": {
        "Sell": 0.9805967211723328,
        "Hold": 0.01722995936870575,
        "Buy": 0.0021733390167355537
    },
    "CANBK.NS": {
        "Sell": 0.8637192249298096,
        "Hold": 0.11576664447784424,
        "Buy": 0.020514151081442833
    },
    "IOB.NS": {
        "Sell": 0.8968661427497864,
        "Hold": 0.09282191842794418,
        "Buy": 0.010311899706721306
    },
    "UNIONBANK.NS": {
        "Sell": 0.9714112281799316,
        "Hold": 0.026002105325460434,
        "Buy": 0.0025866616051644087
    },
    "CHOLAFIN.NS": {
        "Sell": 0.8565115332603455,
        "Hold": 0.12551622092723846,
        "Buy": 0.017972221598029137
    },
    "M&MFIN.NS": {
        "Sell": 0.13014361262321472,
        "Hold": 0.5194746851921082,
        "Buy": 0.3503817021846771
    },
    "PFC.NS": {
        "Sell": 0.8833869695663452,
        "Hold": 0.10523408651351929,
        "Buy": 0.011378984898328781
    },
    "LICHSGFIN.NS": {
        "Sell": 0.9807119369506836,
        "Hold": 0.017187785357236862,
        "Buy": 0.002100276527926326
    },
    "PERSISTENT.NS": {
        "Sell": 0.011974887922406197,
        "Hold": 0.2113160640001297,
        "Buy": 0.7767090797424316
    },
    "MPHASIS.NS": {
        "Sell": 0.5093396306037903,
        "Hold": 0.3872185945510864,
        "Buy": 0.10344172269105911
    },
    "OFSS.NS": {
        "Sell": 0.5858533382415771,
        "Hold": 0.3352017402648926,
        "Buy": 0.0789448544383049
    },
    "TATAELXSI.NS": {
        "Sell": 0.9812228083610535,
        "Hold": 0.016352815553545952,
        "Buy": 0.0024244862142950296
    },
    "ASHOKLEY.NS": {
        "Sell": 0.6245285272598267,
        "Hold": 0.2981598675251007,
        "Buy": 0.07731159776449203
    },
    "TVSMOTOR.NS": {
        "Sell": 0.23351813852787018,
        "Hold": 0.5720317959785461,
        "Buy": 0.19445009529590607
    },
    "ESCORTS.NS": {
        "Sell": 0.6772815585136414,
        "Hold": 0.2729576826095581,
        "Buy": 0.04976075515151024
    },
    "BHARATFORG.NS": {
        "Sell": 0.9696455001831055,
        "Hold": 0.025567572563886642,
        "Buy": 0.0047869752161204815
    },
    "BOSCHLTD.NS": {
        "Sell": 0.49436208605766296,
        "Hold": 0.42432236671447754,