{
    "RELIANCE.NS": {
        "Sell": 0.9130728840827942,
        "Hold": 0.07715776562690735,
        "Buy": 0.009769289754331112
    },
    "TCS.NS": {
        "Sell": 0.9496791362762451,
        "Hold": 0.04390017315745354,
        "Buy": 0.0064207105897367
    },
    "HDFCBANK.NS": {
        "Sell": 0.9400485754013062,
        "Hold": 0.05383019894361496,
        "Buy": 0.006121143698692322
    },
    "ICICIBANK.NS": {
        "Sell": 0.8656934499740601,
        "Hold": 0.11950814723968506,
        "Buy": 0.014798381365835667
    },
    "INFY.NS": {
        "Sell": 0.9242255091667175,
        "Hold": 0.06375071406364441,
        "Buy": 0.012023775838315487
    },
    "ITC.NS": {
        "Sell": 0.9229890704154968,
        "Hold": 0.06992964446544647,
        "Buy": 0.007081339135766029
    },
    "LT.NS": {
        "Sell": 0.8819350004196167,
        "Hold": 0.10587847977876663,
        "Buy": 0.012186550535261631
    },
    "BHARTIARTL.NS": {
        "Sell": 0.9164055585861206,
        "Hold": 0.07500401884317398,
        "Buy": 0.008590449579060078
    },
    "SBIN.NS": {
        "Sell": 0.9748063087463379,
        "Hold": 0.022846048697829247,
        "Buy": 0.00234754616394639
    },
    "HINDUNILVR.NS": {
        "Sell": 0.9666190147399902,
        "Hold": 0.03044954314827919,
        "Buy": 0.0029314104467630386
    },
    "M&M.NS": {
        "Sell": 0.956577479839325,
        "Hold": 0.038407810032367706,
        "Buy": 0.005014701280742884
    },
    "MARUTI.NS": {
        "Sell": 0.9076129198074341,
        "Hold": 0.08313889801502228,
        "Buy": 0.009248151443898678
    },
    "SUNPHARMA.NS": {
        "Sell": 0.8613069653511047,
        "Hold": 0.12520836293697357,
        "Buy": 0.01348457857966423
    },
    "TATASTEEL.NS": {
        "Sell": 0.9872305393218994,
        "Hold": 0.011430720798671246,
        "Buy": 0.001338678179308772
    },
    "BAJFINANCE.NS": {
        "Sell": 0.7102652788162231,
        "Hold": 0.2497873306274414,
        "Buy": 0.039947424083948135
    },
    "NTPC.NS": {
        "Sell": 0.9715343713760376,
        "Hold": 0.02573232911527157,
        "Buy": 0.002733286004513502
    },
    "ONGC.NS": {
        "Sell": 0.9509989023208618,
        "Hold": 0.04418061673641205,
        "Buy": 0.004820569884032011
    },
    "ASIANPAINT.NS": {
        "Sell": 0.9747819304466248,
        "Hold": 0.02279885672032833,
        "Buy": 0.0024192023556679487
    },
    "TITAN.NS": {
        "Sell": 0.943515419960022,
        "Hold": 0.05057656764984131,
        "Buy": 0.005907964427024126
    },
    "ULTRACEMCO.NS": {
        "Sell": 0.9174073934555054,
        "Hold": 0.0751197561621666,
        "Buy": 0.007472790777683258
    },
    "WIPRO.NS": {
        "Sell": 0.9619042873382568,
        "Hold": 0.033816222101449966,
        "Buy": 0.0042794537730515
    },
    "HCLTECH.NS": {
        "Sell": 0.9502354860305786,
        "Hold": 0.04335373267531395,
        "Buy": 0.006410674192011356
    },
    "KOTAKBANK.NS": {
        "Sell": 0.8608760237693787,
        "Hold": 0.12389425188302994,
        "Buy": 0.015229813754558563
    },
    "AXISBANK.NS": {
        "Sell": 0.904043436050415,
        "Hold": 0.08817926049232483,
        "Buy": 0.0077774072997272015
    },
    "POWERGRID.NS": {
        "Sell": 0.9420179724693298,
        "Hold": 0.05262057110667229,
        "Buy": 0.005361360497772694
    },
    "BPCL.NS": {
        "Sell": 0.8705257177352905,
        "Hold": 0.11078377813100815,
        "Buy": 0.0186904389411211
    },
    "GRASIM.NS": {
        "Sell": 0.9238097667694092,
        "Hold": 0.06894519180059433,
        "Buy": 0.0072450279258191586
    },
    "JSWSTEEL.NS": {
        "Sell": 0.9863358736038208,
        "Hold": 0.012002103962004185,
        "Buy": 0.0016620418755337596
    },
    "ADANIPORTS.NS": {
        "Sell": 0.9682593941688538,
        "Hold": 0.028459619730710983,
        "Buy": 0.0032809735275804996
    },
    "INDUSINDBK.NS": {
        "Sell": 0.9450276494026184,
        "Hold": 0.04846484214067459,
        "Buy": 0.006507417652755976
    },
    "DRREDDY.NS": {
        "Sell": 0.5552542805671692,
        "Hold": 0.389669805765152,
        "Buy": 0.055075790733098984
    },
    "CIPLA.NS": {
        "Sell": 0.6755908131599426,
        "Hold": 0.2876526415348053,
        "Buy": 0.03675655275583267
    },
    "EICHERMOT.NS": {
        "Sell": 0.9551985859870911,
        "Hold": 0.04053504392504692,
        "Buy": 0.004266293719410896
    },
    "APOLLOHOSP.NS": {
        "Sell": 0.8780738711357117,
        "Hold": 0.1107703149318695,
        "Buy": 0.011155745014548302
    },
    "DIVISLAB.NS": {
        "Sell": 0.9659412503242493,
        "Hold": 0.03103993833065033,
        "Buy": 0.0030188255477696657
    },
    "TATACONSUM.NS": {
        "Sell": 0.8895384073257446,
        "Hold": 0.09857200086116791,
        "Buy": 0.011889519169926643
    },
    "BRITANNIA.NS": {
        "Sell": 0.9119926691055298,
        "Hold": 0.08066119998693466,
        "Buy": 0.007346161641180515
    },
    "BAJAJ-AUTO.NS": {
        "Sell": 0.978310227394104,
        "Hold": 0.019684230908751488,
        "Buy": 0.002005597809329629
    },
    "HEROMOTOCO.NS": {
        "Sell": 0.9588789939880371,
        "Hold": 0.03751210495829582,
        "Buy": 0.0036088922061026096
    },
    "TECHM.NS": {
        "Sell": 0.8242022395133972,
        "Hold": 0.14733408391475677,
        "Buy": 0.028463682159781456
    },
    "FEDERALBNK.NS": {
        "Sell": 0.8196192979812622,
        "Hold": 0.1569383144378662,
        "Buy": 0.023442326113581657
    },
    "PNB.NS": {
        "Sell": 0.9656013250350952,
        "Hold": 0.031158100813627243,
        "Buy": 0.003240631427615881
    },
    "BANKBARODA.NS": {
        "Sell": 0.941906213760376,
        "Hold": 0.050178639590740204,
        "Buy": 0.007915213704109192
    },
    "CANBK.NS": {
        "Sell": 0.9664040803909302,
        "Hold": 0.029929429292678833,
        "Buy": 0.003666625590994954
    },
    "IOB.NS": {
        "Sell": 0.9006016850471497,
        "Hold": 0.08718527108430862,
        "Buy": 0.012212986126542091
    },
    "UNIONBANK.NS": {
        "Sell": 0.9729442596435547,
        "Hold": 0.024145783856511116,
        "Buy": 0.0029099357780069113
    },
    "CHOLAFIN.NS": {
        "Sell": 0.6608793139457703,
        "Hold": 0.2927529513835907,
        "Buy": 0.046367745846509933
    },
    "M&MFIN.NS": {
        "Sell": 0.47357606887817383,
        "Hold": 0.4339830279350281,
        "Buy": 0.09244091808795929
    },
    "PFC.NS": {
        "Sell": 0.7768489718437195,
        "Hold": 0.1926914006471634,
        "Buy": 0.030459588393568993
    },
    "LICHSGFIN.NS": {
        "Sell": 0.9141428470611572,
        "Hold": 0.07722637802362442,
        "Buy": 0.008630787953734398
    },
    "PERSISTENT.NS": {
        "Sell": 0.7370273470878601,
        "Hold": 0.20934271812438965,
        "Buy": 0.05362991616129875
    },
    "MPHASIS.NS": {
        "Sell": 0.9539485573768616,
        "Hold": 0.04023779556155205,
        "Buy": 0.0058135464787483215
    },
    "OFSS.NS": {
        "Sell": 0.17550121247768402,
        "Hold": 0.551853358745575,
        "Buy": 0.27264535427093506
    },
    "TATAELXSI.NS": {
        "Sell": 0.9648197293281555,
        "Hold": 0.03120340406894684,
        "Buy": 0.003976881969720125
    },
    "ASHOKLEY.NS": {
        "Sell": 0.8932132720947266,
        "Hold": 0.09291143715381622,
        "Buy": 0.013875356875360012
    },
    "TVSMOTOR.NS": {
        "Sell": 0.9199481010437012,
        "Hold": 0.07185033708810806,
        "Buy": 0.008201593533158302
    },
    "ESCORTS.NS": {
        "Sell": 0.5611122250556946,
        "Hold": 0.376986563205719,
        "Buy": 0.06190114840865135
    },
    "BHARATFORG.NS": {
        "Sell": 0.57325679063797,
        "Hold": 0.35190069675445557,
        "Buy": 0.07484249025583267
    },
    "BOSCHLTD.NS": {
        "Sell": 0.9698081612586975,
        "Hold": 0.02738228440284729,