{
    "RELIANCE.NS": {
        "Sell": 0.8087255358695984,
        "Hold": 0.16986027359962463,
        "Buy": 0.02141415886580944
    },
    "TCS.NS": {
        "Sell": 0.8464767336845398,
        "Hold": 0.13531626760959625,
        "Buy": 0.018206987529993057
    },
    "HDFCBANK.NS": {
        "Sell": 0.7469576597213745,
        "Hold": 0.2179022878408432,
        "Buy": 0.03514009714126587
    },
    "ICICIBANK.NS": {
        "Sell": 0.9733083844184875,
        "Hold": 0.023829767480492592,
        "Buy": 0.0028618325013667345
    },
    "INFY.NS": {
        "Sell": 0.46391376852989197,
        "Hold": 0.4382336437702179,
        "Buy": 0.09785259515047073
    },
    "ITC.NS": {
        "Sell": 0.8881316184997559,
        "Hold": 0.09911458194255829,
        "Buy": 0.012753882445394993
    },
    "LT.NS": {
        "Sell": 0.22532358765602112,
        "Hold": 0.6291802525520325,
        "Buy": 0.1454961746931076
    },
    "BHARTIARTL.NS": {
        "Sell": 0.8264485001564026,
        "Hold": 0.15396596491336823,
        "Buy": 0.019585471600294113
    },
    "SBIN.NS": {
        "Sell": 0.8735988140106201,
        "Hold": 0.11292719095945358,
        "Buy": 0.013474020175635815
    },
    "HINDUNILVR.NS": {
        "Sell": 0.7898967266082764,
        "Hold": 0.17978204786777496,
        "Buy": 0.030321156606078148
    },
    "M&M.NS": {
        "Sell": 0.9221814870834351,
        "Hold": 0.06991138309240341,
        "Buy": 0.007907157763838768
    },
    "MARUTI.NS": {
        "Sell": 0.8909385204315186,
        "Hold": 0.09744986891746521,
        "Buy": 0.01161156501621008
    },
    "SUNPHARMA.NS": {
        "Sell": 0.9584283232688904,
        "Hold": 0.03816314786672592,
        "Buy": 0.003408409422263503
    },
    "TATASTEEL.NS": {
        "Sell": 0.9162261486053467,
        "Hold": 0.07513920217752457,
        "Buy": 0.008634673431515694
    },
    "BAJFINANCE.NS": {
        "Sell": 0.17930977046489716,
        "Hold": 0.6106244921684265,
        "Buy": 0.21006564795970917
    },
    "NTPC.NS": {
        "Sell": 0.9604572653770447,
        "Hold": 0.03627197816967964,
        "Buy": 0.0032708465587347746
    },
    "ONGC.NS": {
        "Sell": 0.9829198718070984,
        "Hold": 0.015178486704826355,
        "Buy": 0.0019016320584341884
    },
    "ASIANPAINT.NS": {
        "Sell": 0.9230856895446777,
        "Hold": 0.06898383051156998,
        "Buy": 0.007930335588753223
    },
    "TITAN.NS": {
        "Sell": 0.5267378687858582,
        "Hold": 0.41577965021133423,
        "Buy": 0.05748248100280762
    },
    "ULTRACEMCO.NS": {
        "Sell": 0.8472756147384644,
        "Hold": 0.13722380995750427,
        "Buy": 0.01550049614161253
    },
    "WIPRO.NS": {
        "Sell": 0.8901143074035645,
        "Hold": 0.0984473004937172,
        "Buy": 0.011438463814556599
    },
    "HCLTECH.NS": {
        "Sell": 0.624561071395874,
        "Hold": 0.3214992880821228,
        "Buy": 0.053939640522003174
    },
    "KOTAKBANK.NS": {
        "Sell": 0.9476084113121033,
        "Hold": 0.0467541441321373,
        "Buy": 0.00563741335645318
    },
    "AXISBANK.NS": {
        "Sell": 0.9179001450538635,
        "Hold": 0.07342742383480072,
        "Buy": 0.008672359399497509
    },
    "POWERGRID.NS": {
        "Sell": 0.9562016725540161,
        "Hold": 0.040032897144556046,
        "Buy": 0.0037654542829841375
    },
    "BPCL.NS": {
        "Sell": 0.37210559844970703,
        "Hold": 0.5158224701881409,
        "Buy": 0.1120719462633133
    },
    "GRASIM.NS": {
        "Sell": 0.9531182050704956,
        "Hold": 0.042308080941438675,
        "Buy": 0.004573713056743145
    },
    "JSWSTEEL.NS": {
        "Sell": 0.9770617485046387,
        "Hold": 0.020433709025382996,
        "Buy": 0.002504439326003194
    },
    "ADANIPORTS.NS": {
        "Sell": 0.7267160415649414,
        "Hold": 0.23589283227920532,
        "Buy": 0.03739103302359581
    },
    "INDUSINDBK.NS": {
        "Sell": 0.8497714400291443,
        "Hold": 0.13200636208057404,
        "Buy": 0.018222203478217125
    },
    "DRREDDY.NS": {
        "Sell": 0.9756383895874023,
        "Hold": 0.02202567830681801,
        "Buy": 0.002336017321795225
    },
    "CIPLA.NS": {
        "Sell": 0.984082043170929,
        "Hold": 0.01412584912031889,
        "Buy": 0.0017920490354299545
    },
    "EICHERMOT.NS": {
        "Sell": 0.7866914868354797,
        "Hold": 0.1880410760641098,
        "Buy": 0.025267375633120537
    },
    "APOLLOHOSP.NS": {
        "Sell": 0.9710938334465027,
        "Hold": 0.026209427043795586,
        "Buy": 0.0026968345046043396
    },
    "DIVISLAB.NS": {
        "Sell": 0.9600643515586853,
        "Hold": 0.035717129707336426,
        "Buy": 0.00421858998015523
    },
    "TATACONSUM.NS": {
        "Sell": 0.9538761377334595,
        "Hold": 0.04126076027750969,
        "Buy": 0.004863095469772816
    },
    "BRITANNIA.NS": {
        "Sell": 0.8433646559715271,
        "Hold": 0.14029532670974731,
        "Buy": 0.01634000800549984
    },
    "BAJAJ-AUTO.NS": {
        "Sell": 0.9716627597808838,
        "Hold": 0.025740085169672966,
        "Buy": 0.002597050042822957
    },
    "HEROMOTOCO.NS": {
        "Sell": 0.8522881269454956,
        "Hold": 0.13173027336597443,
        "Buy": 0.015981575474143028
    },
    "TECHM.NS": {
        "Sell": 0.9314501285552979,
        "Hold": 0.05919748172163963,
        "Buy": 0.009352392517030239
    },
    "FEDERALBNK.NS": {
        "Sell": 0.6830227971076965,
        "Hold": 0.2687775194644928,
        "Buy": 0.048199571669101715
    },
    "PNB.NS": {
        "Sell": 0.5600429773330688,
        "Hold": 0.368334025144577,
        "Buy": 0.0716230571269989
    },
    "BANKBARODA.NS": {
        "Sell": 0.6646417379379272,
        "Hold": 0.2782667577266693,
        "Buy": 0.05709151178598404
    },
    "CANBK.NS": {
        "Sell": 0.3737093210220337,
        "Hold": 0.4850522577762604,
        "Buy": 0.1412385106086731
    },
    "IOB.NS": {
        "Sell": 0.04007412865757942,
        "Hold": 0.451354056596756,
        "Buy": 0.5085718035697937
    },
    "UNIONBANK.NS": {
        "Sell": 0.46905985474586487,
        "Hold": 0.4398193657398224,
        "Buy": 0.09112082421779633
    },
    "CHOLAFIN.NS": {
        "Sell": 0.13406425714492798,
        "Hold": 0.6045083999633789,
        "Buy": 0.2614274322986603
    },
    "M&MFIN.NS": {
        "Sell": 0.6459850072860718,
        "Hold": 0.2986607551574707,
        "Buy": 0.05535414069890976
    },
    "PFC.NS": {
        "Sell": 0.1575355976819992,
        "Hold": 0.5856702327728271,
        "Buy": 0.2567940652370453
    },
    "LICHSGFIN.NS": {
        "Sell": 0.8733981847763062,
        "Hold": 0.11203227192163467,
        "Buy": 0.014569524675607681
    },
    "PERSISTENT.NS": {
        "Sell": 0.8334543704986572,
        "Hold": 0.14069953560829163,
        "Buy": 0.025846106931567192
    },
    "MPHASIS.NS": {
        "Sell": 0.8362323045730591,
        "Hold": 0.14024841785430908,
        "Buy": 0.023519234731793404
    },
    "OFSS.NS": {
        "Sell": 0.8172956109046936,
        "Hold": 0.1537070870399475,
        "Buy": 0.028997289016842842
    },
    "TATAELXSI.NS": {
        "Sell": 0.7773113250732422,
        "Hold": 0.1946050077676773,
        "Buy": 0.028083696961402893
    },
    "ASHOKLEY.NS": {
        "Sell": 0.06014116480946541,
        "Hold": 0.47135064005851746,
        "Buy": 0.46850821375846863
    },
    "TVSMOTOR.NS": {
        "Sell": 0.6080633401870728,
        "Hold": 0.3381635546684265,
        "Buy": 0.05377320945262909
    },
    "ESCORTS.NS": {
        "Sell": 0.769972562789917,
        "Hold": 0.1957942396402359,
        "Buy": 0.03423331305384636
    },
    "BHARATFORG.NS": {
        "Sell": 0.7966029644012451,
        "Hold": 0.1692817509174347,
        "Buy": 0.03411538153886795
    },
    "BOSCHLTD.NS": {
        "Sell": 0.6153398752212524,
        "Hold": 0.331020325422287,
        "Buy": 0.05363975837826729
    },