{
    "RELIANCE.NS": {
        "Sell": 0.7033742666244507,
        "Hold": 0.2587883472442627,
        "Buy": 0.037837427109479904
    },
    "TCS.NS": {
        "Sell": 0.9320412278175354,
        "Hold": 0.061411917209625244,
        "Buy": 0.0065467930398881435
    },
    "HDFCBANK.NS": {
        "Sell": 0.8816178441047668,
        "Hold": 0.10492440313100815,
        "Buy": 0.01345776580274105
    },
    "ICICIBANK.NS": {
        "Sell": 0.9500723481178284,
        "Hold": 0.04462531954050064,
        "Buy": 0.00530220428481698
    },
    "INFY.NS": {
        "Sell": 0.9277287721633911,
        "Hold": 0.06376489996910095,
        "Buy": 0.00850630458444357
    },
    "ITC.NS": {
        "Sell": 0.9467757344245911,
        "Hold": 0.048126306384801865,
        "Buy": 0.005097977817058563
    },
    "LT.NS": {
        "Sell": 0.8688928484916687,
        "Hold": 0.11918868869543076,
        "Buy": 0.011918392963707447
    },
    "BHARTIARTL.NS": {
        "Sell": 0.573524534702301,
        "Hold": 0.3659638464450836,
        "Buy": 0.06051158905029297
    },
    "SBIN.NS": {
        "Sell": 0.9450337290763855,
        "Hold": 0.04928840324282646,
        "Buy": 0.005677848123013973
    },
    "HINDUNILVR.NS": {
        "Sell": 0.9679209589958191,
        "Hold": 0.028776273131370544,
        "Buy": 0.00330280140042305
    },
    "M&M.NS": {
        "Sell": 0.5838078856468201,
        "Hold": 0.3534592092037201,
        "Buy": 0.06273285299539566
    },
    "MARUTI.NS": {
        "Sell": 0.8670571446418762,
        "Hold": 0.11602649837732315,
        "Buy": 0.01691630855202675
    },
    "SUNPHARMA.NS": {
        "Sell": 0.9586221575737,
        "Hold": 0.0380629226565361,
        "Buy": 0.0033149695955216885
    },
    "TATASTEEL.NS": {
        "Sell": 0.8826363682746887,
        "Hold": 0.10308222472667694,
        "Buy": 0.01428142748773098
    },
    "BAJFINANCE.NS": {
        "Sell": 0.6168189644813538,
        "Hold": 0.32552412152290344,
        "Buy": 0.057656943798065186
    },
    "NTPC.NS": {
        "Sell": 0.8977455496788025,
        "Hold": 0.09251195937395096,
        "Buy": 0.009742491878569126
    },
    "ONGC.NS": {
        "Sell": 0.780034065246582,
        "Hold": 0.18862000107765198,
        "Buy": 0.03134594112634659
    },
    "ASIANPAINT.NS": {
        "Sell": 0.9385462403297424,
        "Hold": 0.0550159215927124,
        "Buy": 0.006437921896576881
    },
    "TITAN.NS": {
        "Sell": 0.32954323291778564,
        "Hold": 0.5610212087631226,
        "Buy": 0.1094355583190918
    },
    "ULTRACEMCO.NS": {
        "Sell": 0.8647559881210327,
        "Hold": 0.11977727711200714,
        "Buy": 0.015466745011508465
    },
    "WIPRO.NS": {
        "Sell": 0.9546815156936646,
        "Hold": 0.04081239923834801,
        "Buy": 0.0045060510747134686
    },
    "HCLTECH.NS": {
        "Sell": 0.8288753628730774,
        "Hold": 0.1482711285352707,
        "Buy": 0.022853519767522812
    },
    "KOTAKBANK.NS": {
        "Sell": 0.9169626235961914,
        "Hold": 0.0740901455283165,
        "Buy": 0.00894719734787941
    },
    "AXISBANK.NS": {
        "Sell": 0.942360520362854,
        "Hold": 0.051861271262168884,
        "Buy": 0.0057782563380897045
    },
    "POWERGRID.NS": {
        "Sell": 0.9624688625335693,
        "Hold": 0.03437096253037453,
        "Buy": 0.0031601320952177048
    },
    "BPCL.NS": {
        "Sell": 0.6329630017280579,
        "Hold": 0.3159453570842743,
        "Buy": 0.05109158158302307
    },
    "GRASIM.NS": {
        "Sell": 0.9104177355766296,
        "Hold": 0.08002805709838867,
        "Buy": 0.009554230608046055
    },
    "JSWSTEEL.NS": {
        "Sell": 0.9718020558357239,
        "Hold": 0.025352206081151962,
        "Buy": 0.0028457194566726685
    },
    "ADANIPORTS.NS": {
        "Sell": 0.9407729506492615,
        "Hold": 0.05234047397971153,
        "Buy": 0.006886649876832962
    },
    "INDUSINDBK.NS": {
        "Sell": 0.2283286452293396,
        "Hold": 0.5361811518669128,
        "Buy": 0.23549024760723114
    },
    "DRREDDY.NS": {
        "Sell": 0.9638789892196655,
        "Hold": 0.0327792726457119,
        "Buy": 0.0033417753875255585
    },
    "CIPLA.NS": {
        "Sell": 0.9555168747901917,
        "Hold": 0.040057647973299026,
        "Buy": 0.004425520077347755
    },
    "EICHERMOT.NS": {
        "Sell": 0.9001889824867249,
        "Hold": 0.08826908469200134,
        "Buy": 0.01154195424169302
    },
    "APOLLOHOSP.NS": {
        "Sell": 0.9645509719848633,
        "Hold": 0.03177807107567787,
        "Buy": 0.0036709478590637445
    },
    "DIVISLAB.NS": {
        "Sell": 0.8679559230804443,
        "Hold": 0.11275992542505264,
        "Buy": 0.019284183159470558
    },
    "TATACONSUM.NS": {
        "Sell": 0.9383678436279297,
        "Hold": 0.055146124213933945,
        "Buy": 0.006486021913588047
    },
    "BRITANNIA.NS": {
        "Sell": 0.9687830209732056,
        "Hold": 0.028584128245711327,
        "Buy": 0.0026328375097364187
    },
    "BAJAJ-AUTO.NS": {
        "Sell": 0.9786794185638428,
        "Hold": 0.019387997686862946,
        "Buy": 0.001932594575919211
    },
    "HEROMOTOCO.NS": {
        "Sell": 0.89954674243927,
        "Hold": 0.09006086736917496,
        "Buy": 0.010392419993877411
    },
    "TECHM.NS": {
        "Sell": 0.9503058195114136,
        "Hold": 0.043012842535972595,
        "Buy": 0.006681394763290882
    },
    "FEDERALBNK.NS": {
        "Sell": 0.757904589176178,
        "Hold": 0.19673672318458557,
        "Buy": 0.045358672738075256
    },
    "PNB.NS": {
        "Sell": 0.6086856126785278,
        "Hold": 0.3098999857902527,
        "Buy": 0.08141443133354187
    },
    "BANKBARODA.NS": {
        "Sell": 0.8486604690551758,
        "Hold": 0.12425895780324936,
        "Buy": 0.02708064392209053
    },
    "CANBK.NS": {
        "Sell": 0.6377385854721069,
        "Hold": 0.2812112271785736,
        "Buy": 0.08105020225048065
    },
    "IOB.NS": {
        "Sell": 0.9062427878379822,
        "Hold": 0.0835595428943634,
        "Buy": 0.010197686962783337
    },
    "UNIONBANK.NS": {
        "Sell": 0.7313099503517151,
        "Hold": 0.22188809514045715,
        "Buy": 0.04680192470550537
    },
    "CHOLAFIN.NS": {
        "Sell": 0.1480173021554947,
        "Hold": 0.5689222812652588,
        "Buy": 0.2830604612827301
    },
    "M&MFIN.NS": {
        "Sell": 0.3535292446613312,
        "Hold": 0.47437620162963867,
        "Buy": 0.17209450900554657
    },
    "PFC.NS": {
        "Sell": 0.9313546419143677,
        "Hold": 0.05992450565099716,
        "Buy": 0.008720921352505684
    },
    "LICHSGFIN.NS": {
        "Sell": 0.752737283706665,
        "Hold": 0.20776380598545074,
        "Buy": 0.03949901834130287
    },
    "PERSISTENT.NS": {
        "Sell": 0.7305927872657776,
        "Hold": 0.21662312746047974,
        "Buy": 0.0527840331196785
    },
    "MPHASIS.NS": {
        "Sell": 0.7274996638298035,
        "Hold": 0.22090138494968414,
        "Buy": 0.05159895867109299
    },
    "OFSS.NS": {
        "Sell": 0.8868427276611328,
        "Hold": 0.09671209752559662,
        "Buy": 0.016445137560367584
    },
    "TATAELXSI.NS": {
        "Sell": 0.8545355200767517,
        "Hold": 0.12636089324951172,
        "Buy": 0.01910349540412426
    },
    "ASHOKLEY.NS": {
        "Sell": 0.406882107257843,
        "Hold": 0.4708114266395569,
        "Buy": 0.12230648845434189
    },
    "TVSMOTOR.NS": {
        "Sell": 0.8888639211654663,
        "Hold": 0.09871386736631393,
        "Buy": 0.012422178871929646
    },
    "ESCORTS.NS": {
        "Sell": 0.6843680143356323,
        "Hold": 0.25968602299690247,
        "Buy": 0.055945951491594315
    },
    "BHARATFORG.NS": {
        "Sell": 0.9503984451293945,
        "Hold": 0.04286503046751022,
        "Buy": 0.0067365895956754684
    },
    "BOSCHLTD.NS": {
        "Sell": 0.9053019881248474,
        "Hold": 0.08099649101495743,