{
    "RELIANCE.NS": {
        "Sell": 0.6731005311012268,
        "Hold": 0.2844037115573883,
        "Buy": 0.0424957238137722
    },
    "TCS.NS": {
        "Sell": 0.872536838054657,
        "Hold": 0.1148483082652092,
        "Buy": 0.012614722363650799
    },
    "HDFCBANK.NS": {
        "Sell": 0.452541708946228,
        "Hold": 0.45470061898231506,
        "Buy": 0.0927577018737793
    },
    "ICICIBANK.NS": {
        "Sell": 0.3992428481578827,
        "Hold": 0.4934295117855072,
        "Buy": 0.10732761025428772
    },
    "INFY.NS": {
        "Sell": 0.9786738753318787,
        "Hold": 0.01924455165863037,
        "Buy": 0.0020815320312976837
    },
    "ITC.NS": {
        "Sell": 0.89528888463974,
        "Hold": 0.09319120645523071,
        "Buy": 0.011519858613610268
    },
    "LT.NS": {
        "Sell": 0.4773772656917572,
        "Hold": 0.448400616645813,
        "Buy": 0.074222132563591
    },
    "BHARTIARTL.NS": {
        "Sell": 0.9389916062355042,
        "Hold": 0.055418048053979874,
        "Buy": 0.005590313579887152
    },
    "SBIN.NS": {
        "Sell": 0.8581718802452087,
        "Hold": 0.12679339945316315,
        "Buy": 0.01503471378237009
    },
    "HINDUNILVR.NS": {
        "Sell": 0.8591548204421997,
        "Hold": 0.12490170449018478,
        "Buy": 0.015943476930260658
    },
    "M&M.NS": {
        "Sell": 0.5568763017654419,
        "Hold": 0.37136682868003845,
        "Buy": 0.07175684720277786
    },
    "MARUTI.NS": {
        "Sell": 0.7179067134857178,
        "Hold": 0.24604372680187225,
        "Buy": 0.036049533635377884
    },
    "SUNPHARMA.NS": {
        "Sell": 0.9516761302947998,
        "Hold": 0.04438869655132294,
        "Buy": 0.003935216926038265
    },
    "TATASTEEL.NS": {
        "Sell": 0.8840692043304443,
        "Hold": 0.10200850665569305,
        "Buy": 0.013922315090894699
    },
    "BAJFINANCE.NS": {
        "Sell": 0.4152701497077942,
        "Hold": 0.47278091311454773,
        "Buy": 0.11194896697998047
    },
    "NTPC.NS": {
        "Sell": 0.9779437780380249,
        "Hold": 0.0201126579195261,
        "Buy": 0.0019435642752796412
    },
    "ONGC.NS": {
        "Sell": 0.985102653503418,
        "Hold": 0.01309512834995985,
        "Buy": 0.0018023084849119186
    },
    "ASIANPAINT.NS": {
        "Sell": 0.8018496036529541,
        "Hold": 0.17535029351711273,
        "Buy": 0.022800084203481674
    },
    "TITAN.NS": {
        "Sell": 0.8279252052307129,
        "Hold": 0.14787858724594116,
        "Buy": 0.024196229875087738
    },
    "ULTRACEMCO.NS": {
        "Sell": 0.7909911274909973,
        "Hold": 0.1866942048072815,
        "Buy": 0.022314637899398804
    },
    "WIPRO.NS": {
        "Sell": 0.1613466739654541,
        "Hold": 0.6056985259056091,
        "Buy": 0.23295478522777557
    },
    "HCLTECH.NS": {
        "Sell": 0.9780386090278625,
        "Hold": 0.019661469385027885,
        "Buy": 0.0022999246139079332
    },
    "KOTAKBANK.NS": {
        "Sell": 0.5585595369338989,
        "Hold": 0.3756706416606903,
        "Buy": 0.0657697543501854
    },
    "AXISBANK.NS": {
        "Sell": 0.50517338514328,
        "Hold": 0.4171138107776642,
        "Buy": 0.07771282643079758
    },
    "POWERGRID.NS": {
        "Sell": 0.9812926054000854,
        "Hold": 0.01696404442191124,
        "Buy": 0.0017433598404750228
    },
    "BPCL.NS": {
        "Sell": 0.18969574570655823,
        "Hold": 0.5829101204872131,
        "Buy": 0.22739405930042267
    },
    "GRASIM.NS": {
        "Sell": 0.8621460795402527,
        "Hold": 0.12274989485740662,
        "Buy": 0.015103993937373161
    },
    "JSWSTEEL.NS": {
        "Sell": 0.6976684927940369,
        "Hold": 0.2657500207424164,
        "Buy": 0.036581508815288544
    },
    "ADANIPORTS.NS": {
        "Sell": 0.8756547570228577,
        "Hold": 0.10748118907213211,
        "Buy": 0.01686401665210724
    },
    "INDUSINDBK.NS": {
        "Sell": 0.7944856882095337,
        "Hold": 0.17342831194400787,
        "Buy": 0.03208601102232933
    },
    "DRREDDY.NS": {
        "Sell": 0.9542192220687866,
        "Hold": 0.041287146508693695,
        "Buy": 0.00449364772066474
    },
    "CIPLA.NS": {
        "Sell": 0.9301770925521851,
        "Hold": 0.062335576862096786,
        "Buy": 0.007487330585718155
    },
    "EICHERMOT.NS": {
        "Sell": 0.8100411295890808,
        "Hold": 0.1678113043308258,
        "Buy": 0.022147567942738533
    },
    "APOLLOHOSP.NS": {
        "Sell": 0.9407786130905151,
        "Hold": 0.05404830724000931,
        "Buy": 0.005172996781766415
    },
    "DIVISLAB.NS": {
        "Sell": 0.7847403883934021,
        "Hold": 0.18725654482841492,
        "Buy": 0.028003176674246788
    },
    "TATACONSUM.NS": {
        "Sell": 0.8651686906814575,
        "Hold": 0.11859019100666046,
        "Buy": 0.016241196542978287
    },
    "BRITANNIA.NS": {
        "Sell": 0.9116793870925903,
        "Hold": 0.08023352175951004,
        "Buy": 0.008087186142802238
    },
    "BAJAJ-AUTO.NS": {
        "Sell": 0.9532580971717834,
        "Hold": 0.04210488870739937,
        "Buy": 0.004636947065591812
    },
    "HEROMOTOCO.NS": {
        "Sell": 0.5871055722236633,
        "Hold": 0.3550199568271637,
        "Buy": 0.05787438526749611
    },
    "TECHM.NS": {
        "Sell": 0.9848110675811768,
        "Hold": 0.013140277937054634,
        "Buy": 0.0020486325956881046
    },
    "FEDERALBNK.NS": {
        "Sell": 0.6616172194480896,
        "Hold": 0.29193755984306335,
        "Buy": 0.046445220708847046
    },
    "PNB.NS": {
        "Sell": 0.7025682330131531,
        "Hold": 0.2464713454246521,
        "Buy": 0.05096038430929184
    },
    "BANKBARODA.NS": {
        "Sell": 0.4318835735321045,
        "Hold": 0.454621285200119,
        "Buy": 0.11349517852067947
    },
    "CANBK.NS": {
        "Sell": 0.5354405641555786,
        "Hold": 0.35029107332229614,
        "Buy": 0.11426833271980286
    },
    "IOB.NS": {
        "Sell": 0.8688560724258423,
        "Hold": 0.11749254912137985,
        "Buy": 0.013651423156261444
    },
    "UNIONBANK.NS": {
        "Sell": 0.7260177731513977,
        "Hold": 0.23404574394226074,
        "Buy": 0.03993655741214752
    },
    "CHOLAFIN.NS": {
        "Sell": 0.1420900970697403,
        "Hold": 0.5172213315963745,
        "Buy": 0.3406886160373688
    },
    "M&MFIN.NS": {
        "Sell": 0.42449647188186646,
        "Hold": 0.4253024756908417,
        "Buy": 0.15020106732845306
    },
    "PFC.NS": {
        "Sell": 0.9439727067947388,
        "Hold": 0.05018492043018341,
        "Buy": 0.005842335522174835
    },
    "LICHSGFIN.NS": {
        "Sell": 0.6427573561668396,
        "Hold": 0.3013991415500641,
        "Buy": 0.05584343150258064
    },
    "PERSISTENT.NS": {
        "Sell": 0.9843677282333374,
        "Hold": 0.013376832939684391,
        "Buy": 0.002255439292639494
    },
    "MPHASIS.NS": {
        "Sell": 0.9709452390670776,
        "Hold": 0.02495444379746914,
        "Buy": 0.004100237973034382
    },
    "OFSS.NS": {
        "Sell": 0.9540277719497681,
        "Hold": 0.039455901831388474,
        "Buy": 0.00651632621884346
    },
    "TATAELXSI.NS": {
        "Sell": 0.9720701575279236,
        "Hold": 0.02499820478260517,
        "Buy": 0.00293158576823771
    },
    "ASHOKLEY.NS": {
        "Sell": 0.16724102199077606,
        "Hold": 0.5662654638290405,
        "Buy": 0.26649343967437744
    },
    "TVSMOTOR.NS": {
        "Sell": 0.8719244599342346,
        "Hold": 0.1126735657453537,
        "Buy": 0.01540194358676672
    },
    "ESCORTS.NS": {
        "Sell": 0.9701815843582153,
        "Hold": 0.025697864592075348,
        "Buy": 0.004120511468499899
    },
    "BHARATFORG.NS": {
        "Sell": 0.5920364856719971,
        "Hold": 0.33545851707458496,
        "Buy": 0.07250498980283737
    },
    "BOSCHLTD.NS": {
        "Sell": 0.20204761624336243,
        "Hold": 0.5850100517272949,
        "Buy": 0.21294234693050385
    },