{
    "RELIANCE.NS": {
        "Sell": 0.9493433833122253,
        "Hold": 0.04616336151957512,
        "Buy": 0.0044932118616998196
    },
    "TCS.NS": {
        "Sell": 0.8819613456726074,
        "Hold": 0.10253198444843292,
        "Buy": 0.015506620518863201
    },
    "HDFCBANK.NS": {
        "Sell": 0.9912195801734924,
        "Hold": 0.007941964082419872,
        "Buy": 0.0008385333931073546
    },
    "ICICIBANK.NS": {
        "Sell": 0.8982681035995483,
        "Hold": 0.09099612385034561,
        "Buy": 0.010735712945461273
    },
    "INFY.NS": {
        "Sell": 0.8446602821350098,
        "Hold": 0.13543204963207245,
        "Buy": 0.019907599315047264
    },
    "ITC.NS": {
        "Sell": 0.938449501991272,
        "Hold": 0.05633503198623657,
        "Buy": 0.0052154152654111385
    },
    "LT.NS": {
        "Sell": 0.7563694715499878,
        "Hold": 0.22171366214752197,
        "Buy": 0.021916858851909637
    },
    "BHARTIARTL.NS": {
        "Sell": 0.8894568085670471,
        "Hold": 0.09891747683286667,
        "Buy": 0.011625755578279495
    },
    "SBIN.NS": {
        "Sell": 0.9519569277763367,
        "Hold": 0.043333783745765686,
        "Buy": 0.004709275905042887
    },
    "HINDUNILVR.NS": {
        "Sell": 0.8867870569229126,
        "Hold": 0.10316946357488632,
        "Buy": 0.010043430142104626
    },
    "M&M.NS": {
        "Sell": 0.7370929718017578,
        "Hold": 0.23387117683887482,
        "Buy": 0.029035784304142
    },
    "MARUTI.NS": {
        "Sell": 0.9564054608345032,
        "Hold": 0.03923181816935539,
        "Buy": 0.004362678620964289
    },
    "SUNPHARMA.NS": {
        "Sell": 0.9514822959899902,
        "Hold": 0.04441877081990242,
        "Buy": 0.004098841920495033
    },
    "TATASTEEL.NS": {
        "Sell": 0.8635591864585876,
        "Hold": 0.12035632133483887,
        "Buy": 0.016084512695670128
    },
    "BAJFINANCE.NS": {
        "Sell": 0.8835059404373169,
        "Hold": 0.1017899438738823,
        "Buy": 0.014704076573252678
    },
    "NTPC.NS": {
        "Sell": 0.8649556636810303,
        "Hold": 0.12002874910831451,
        "Buy": 0.015015523880720139
    },
    "ONGC.NS": {
        "Sell": 0.893346905708313,
        "Hold": 0.09680306911468506,
        "Buy": 0.00984992552548647
    },
    "ASIANPAINT.NS": {
        "Sell": 0.9652915000915527,
        "Hold": 0.031526315957307816,
        "Buy": 0.0031821902375668287
    },
    "TITAN.NS": {
        "Sell": 0.9012082815170288,
        "Hold": 0.09001550078392029,
        "Buy": 0.008776308968663216
    },
    "ULTRACEMCO.NS": {
        "Sell": 0.9562312364578247,
        "Hold": 0.04016383737325668,
        "Buy": 0.0036049450282007456
    },
    "WIPRO.NS": {
        "Sell": 0.8505682945251465,
        "Hold": 0.13164374232292175,
        "Buy": 0.01778792403638363
    },
    "HCLTECH.NS": {
        "Sell": 0.5231418609619141,
        "Hold": 0.38333165645599365,
        "Buy": 0.09352654218673706
    },
    "KOTAKBANK.NS": {
        "Sell": 0.8474534749984741,
        "Hold": 0.1358550488948822,
        "Buy": 0.016691435128450394
    },
    "AXISBANK.NS": {
        "Sell": 0.9679590463638306,
        "Hold": 0.029245814308524132,
        "Buy": 0.0027950492221862078
    },
    "POWERGRID.NS": {
        "Sell": 0.6751348376274109,
        "Hold": 0.2834227383136749,
        "Buy": 0.04144236072897911
    },
    "BPCL.NS": {
        "Sell": 0.9037549495697021,
        "Hold": 0.08593618869781494,
        "Buy": 0.010308888740837574
    },
    "GRASIM.NS": {
        "Sell": 0.7786720395088196,
        "Hold": 0.19663694500923157,
        "Buy": 0.024691082537174225
    },
    "JSWSTEEL.NS": {
        "Sell": 0.5379377603530884,
        "Hold": 0.40231406688690186,
        "Buy": 0.059748176485300064
    },
    "ADANIPORTS.NS": {
        "Sell": 0.9506661295890808,
        "Hold": 0.04480862244963646,
        "Buy": 0.0045252274721860886
    },
    "INDUSINDBK.NS": {
        "Sell": 0.8603312373161316,
        "Hold": 0.12333370745182037,
        "Buy": 0.01633492298424244
    },
    "DRREDDY.NS": {
        "Sell": 0.9605429172515869,
        "Hold": 0.03539374843239784,
        "Buy": 0.0040633524768054485
    },
    "CIPLA.NS": {
        "Sell": 0.9574962854385376,
        "Hold": 0.037623628973960876,
        "Buy": 0.004880087915807962
    },
    "EICHERMOT.NS": {
        "Sell": 0.912939727306366,
        "Hold": 0.07939212024211884,
        "Buy": 0.0076681687496602535
    },
    "APOLLOHOSP.NS": {
        "Sell": 0.9646522402763367,
        "Hold": 0.03225009888410568,
        "Buy": 0.0030976624693721533
    },
    "DIVISLAB.NS": {
        "Sell": 0.9473002552986145,
        "Hold": 0.047201212495565414,
        "Buy": 0.005498544313013554
    },
    "TATACONSUM.NS": {
        "Sell": 0.9264582395553589,
        "Hold": 0.06683708727359772,
        "Buy": 0.006704632192850113
    },
    "BRITANNIA.NS": {
        "Sell": 0.8948704600334167,
        "Hold": 0.09535939991474152,
        "Buy": 0.009770078584551811
    },
    "BAJAJ-AUTO.NS": {
        "Sell": 0.9632070064544678,
        "Hold": 0.03384339064359665,
        "Buy": 0.0029496641363948584
    },
    "HEROMOTOCO.NS": {
        "Sell": 0.787563681602478,
        "Hold": 0.18941259384155273,
        "Buy": 0.023023732006549835
    },
    "TECHM.NS": {
        "Sell": 0.8090776801109314,
        "Hold": 0.16255033016204834,
        "Buy": 0.028371945023536682
    },
    "FEDERALBNK.NS": {
        "Sell": 0.5876558423042297,
        "Hold": 0.358091801404953,
        "Buy": 0.054252296686172485
    },
    "PNB.NS": {
        "Sell": 0.7254545092582703,
        "Hold": 0.23517341911792755,
        "Buy": 0.03937201946973801
    },
    "BANKBARODA.NS": {
        "Sell": 0.9202930927276611,
        "Hold": 0.07045512646436691,
        "Buy": 0.009251769632101059
    },
    "CANBK.NS": {
        "Sell": 0.9171689748764038,
        "Hold": 0.07189680635929108,
        "Buy": 0.010934138670563698
    },
    "IOB.NS": {
        "Sell": 0.779632031917572,
        "Hold": 0.19522877037525177,
        "Buy": 0.025139309465885162
    },
    "UNIONBANK.NS": {
        "Sell": 0.9023194313049316,
        "Hold": 0.08024636656045914,
        "Buy": 0.017434237524867058
    },
    "CHOLAFIN.NS": {
        "Sell": 0.9810663461685181,
        "Hold": 0.016683368012309074,
        "Buy": 0.002250335179269314
    },
    "M&MFIN.NS": {
        "Sell": 0.6060938835144043,
        "Hold": 0.3115186095237732,
        "Buy": 0.08238746970891953
    },
    "PFC.NS": {
        "Sell": 0.8547256588935852,
        "Hold": 0.12674620747566223,
        "Buy": 0.018528221175074577
    },
    "LICHSGFIN.NS": {
        "Sell": 0.9554672837257385,
        "Hold": 0.040506765246391296,
        "Buy": 0.004025906324386597
    },
    "PERSISTENT.NS": {
        "Sell": 0.695457935333252,
        "Hold": 0.24897940456867218,
        "Buy": 0.05556262657046318
    },
    "MPHASIS.NS": {
        "Sell": 0.7479615211486816,
        "Hold": 0.20484602451324463,
        "Buy": 0.04719255492091179
    },
    "OFSS.NS": {
        "Sell": 0.9033921957015991,
        "Hold": 0.08223161101341248,
        "Buy": 0.014376230537891388
    },
    "TATAELXSI.NS": {
        "Sell": 0.49826404452323914,
        "Hold": 0.40725961327552795,
        "Buy": 0.09447631984949112
    },
    "ASHOKLEY.NS": {
        "Sell": 0.9634426236152649,
        "Hold": 0.031851209700107574,
        "Buy": 0.004706158302724361
    },
    "TVSMOTOR.NS": {
        "Sell": 0.7584987282752991,
        "Hold": 0.20719188451766968,
        "Buy": 0.034309424459934235
    },
    "ESCORTS.NS": {
        "Sell": 0.8646959066390991,
        "Hold": 0.11938298493623734,
        "Buy": 0.015921061858534813
    },
    "BHARATFORG.NS": {
        "Sell": 0.6573781967163086,
        "Hold": 0.2752384543418884,
        "Buy": 0.06738333404064178
    },
    "BOSCHLTD.NS": {
        "Sell": 0.976484477519989,
        "Hold": 0.021116964519023895,