{
    "RELIANCE.NS": {
        "Sell": 0.9155848026275635,
        "Hold": 0.0760367214679718,
        "Buy": 0.008378521539270878
    },
    "TCS.NS": {
        "Sell": 0.9570290446281433,
        "Hold": 0.039230067282915115,
        "Buy": 0.0037407558411359787
    },
    "HDFCBANK.NS": {
        "Sell": 0.7635434865951538,
        "Hold": 0.2034035474061966,
        "Buy": 0.0330529659986496
    },
    "ICICIBANK.NS": {
        "Sell": 0.943384051322937,
        "Hold": 0.050761908292770386,
        "Buy": 0.005854002665728331
    },
    "INFY.NS": {
        "Sell": 0.9595485329627991,
        "Hold": 0.035952214151620865,
        "Buy": 0.0044993446208536625
    },
    "ITC.NS": {
        "Sell": 0.9056990146636963,
        "Hold": 0.08443987369537354,
        "Buy": 0.009861101396381855
    },
    "LT.NS": {
        "Sell": 0.7693887948989868,
        "Hold": 0.20717483758926392,
        "Buy": 0.02343631722033024
    },
    "BHARTIARTL.NS": {
        "Sell": 0.8522814512252808,
        "Hold": 0.12889578938484192,
        "Buy": 0.018822800368070602
    },
    "SBIN.NS": {
        "Sell": 0.967793345451355,
        "Hold": 0.029184414073824883,
        "Buy": 0.003022204851731658
    },
    "HINDUNILVR.NS": {
        "Sell": 0.9614052772521973,
        "Hold": 0.03489382192492485,
        "Buy": 0.0037009911611676216
    },
    "M&M.NS": {
        "Sell": 0.8366833329200745,
        "Hold": 0.14326271414756775,
        "Buy": 0.020053917542099953
    },
    "MARUTI.NS": {
        "Sell": 0.8923662304878235,
        "Hold": 0.09545689821243286,
        "Buy": 0.012176848948001862
    },
    "SUNPHARMA.NS": {
        "Sell": 0.9230647683143616,
        "Hold": 0.07001182436943054,
        "Buy": 0.006923351902514696
    },
    "TATASTEEL.NS": {
        "Sell": 0.9720450043678284,
        "Hold": 0.025179341435432434,
        "Buy": 0.002775574568659067
    },
    "BAJFINANCE.NS": {
        "Sell": 0.886114776134491,
        "Hold": 0.09981196373701096,
        "Buy": 0.014073225669562817
    },
    "NTPC.NS": {
        "Sell": 0.9483526349067688,
        "Hold": 0.046847157180309296,
        "Buy": 0.004800224676728249
    },
    "ONGC.NS": {
        "Sell": 0.9621298313140869,
        "Hold": 0.03369351103901863,
        "Buy": 0.004176659509539604
    },
    "ASIANPAINT.NS": {
        "Sell": 0.9625517725944519,
        "Hold": 0.03384054824709892,
        "Buy": 0.0036077520344406366
    },
    "TITAN.NS": {
        "Sell": 0.3380153477191925,
        "Hold": 0.5390779972076416,
        "Buy": 0.12290670722723007
    },
    "ULTRACEMCO.NS": {
        "Sell": 0.9012157917022705,
        "Hold": 0.08881021291017532,
        "Buy": 0.00997399352490902
    },
    "WIPRO.NS": {
        "Sell": 0.9446444511413574,
        "Hold": 0.0499144122004509,
        "Buy": 0.005441055167466402
    },
    "HCLTECH.NS": {
        "Sell": 0.968093991279602,
        "Hold": 0.028323572129011154,
        "Buy": 0.003582390258088708
    },
    "KOTAKBANK.NS": {
        "Sell": 0.8381547927856445,
        "Hold": 0.14116567373275757,
        "Buy": 0.020679479464888573
    },
    "AXISBANK.NS": {
        "Sell": 0.906127393245697,
        "Hold": 0.08422625064849854,
        "Buy": 0.009646438993513584
    },
    "POWERGRID.NS": {
        "Sell": 0.8699386715888977,
        "Hold": 0.11438064277172089,
        "Buy": 0.015680721029639244
    },
    "BPCL.NS": {
        "Sell": 0.786433756351471,
        "Hold": 0.18505190312862396,
        "Buy": 0.028514351695775986
    },
    "GRASIM.NS": {
        "Sell": 0.9500433206558228,
        "Hold": 0.04563923180103302,
        "Buy": 0.004317414481192827
    },
    "JSWSTEEL.NS": {
        "Sell": 0.9082480072975159,
        "Hold": 0.08287353068590164,
        "Buy": 0.008878389373421669
    },
    "ADANIPORTS.NS": {
        "Sell": 0.9758193492889404,
        "Hold": 0.021388689056038857,
        "Buy": 0.002791904378682375
    },
    "INDUSINDBK.NS": {
        "Sell": 0.9756823778152466,
        "Hold": 0.021106664091348648,
        "Buy": 0.0032109543681144714
    },
    "DRREDDY.NS": {
        "Sell": 0.9230321049690247,
        "Hold": 0.06922248750925064,
        "Buy": 0.00774539727717638
    },
    "CIPLA.NS": {
        "Sell": 0.9294246435165405,
        "Hold": 0.0635950043797493,
        "Buy": 0.006980377249419689
    },
    "EICHERMOT.NS": {
        "Sell": 0.9160728454589844,
        "Hold": 0.07458675652742386,
        "Buy": 0.009340476244688034
    },
    "APOLLOHOSP.NS": {
        "Sell": 0.9812872409820557,
        "Hold": 0.01698021963238716,
        "Buy": 0.0017326184315606952
    },
    "DIVISLAB.NS": {
        "Sell": 0.9902657270431519,
        "Hold": 0.008699689991772175,
        "Buy": 0.0010345220798626542
    },
    "TATACONSUM.NS": {
        "Sell": 0.9608176946640015,
        "Hold": 0.03547912463545799,
        "Buy": 0.003703220747411251
    },
    "BRITANNIA.NS": {
        "Sell": 0.9500764608383179,
        "Hold": 0.04567599669098854,
        "Buy": 0.004247566219419241
    },
    "BAJAJ-AUTO.NS": {
        "Sell": 0.9695339798927307,
        "Hold": 0.02772323414683342,
        "Buy": 0.0027427366003394127
    },
    "HEROMOTOCO.NS": {
        "Sell": 0.9383284449577332,
        "Hold": 0.055868346244096756,
        "Buy": 0.005803272593766451
    },
    "TECHM.NS": {
        "Sell": 0.9538407921791077,
        "Hold": 0.03990189731121063,
        "Buy": 0.006257308181375265
    },
    "FEDERALBNK.NS": {
        "Sell": 0.967731237411499,
        "Hold": 0.027774473652243614,
        "Buy": 0.004494294989854097
    },
    "PNB.NS": {
        "Sell": 0.9826529026031494,
        "Hold": 0.015157983638346195,
        "Buy": 0.002189092105254531
    },
    "BANKBARODA.NS": {
        "Sell": 0.9860581159591675,
        "Hold": 0.012093891389667988,
        "Buy": 0.0018480338621884584
    },
    "CANBK.NS": {
        "Sell": 0.9860496520996094,
        "Hold": 0.011991110630333424,
        "Buy": 0.0019593066535890102
    },
    "IOB.NS": {
        "Sell": 0.9757764339447021,
        "Hold": 0.021944137290120125,
        "Buy": 0.0022792713716626167
    },
    "UNIONBANK.NS": {
        "Sell": 0.9835156798362732,
        "Hold": 0.01452855858951807,
        "Buy": 0.001955806976184249
    },
    "CHOLAFIN.NS": {
        "Sell": 0.798262357711792,
        "Hold": 0.17117133736610413,
        "Buy": 0.030566222965717316
    },
    "M&MFIN.NS": {
        "Sell": 0.9071546792984009,
        "Hold": 0.07999590039253235,
        "Buy": 0.01284950040280819
    },
    "PFC.NS": {
        "Sell": 0.9824448227882385,
        "Hold": 0.015496199019253254,
        "Buy": 0.0020589695777744055
    },
    "LICHSGFIN.NS": {
        "Sell": 0.9728440046310425,
        "Hold": 0.023963820189237595,
        "Buy": 0.0031922427006065845
    },
    "PERSISTENT.NS": {
        "Sell": 0.9346238374710083,
        "Hold": 0.05571158602833748,
        "Buy": 0.009664513170719147
    },
    "MPHASIS.NS": {
        "Sell": 0.950688362121582,
        "Hold": 0.0420382022857666,
        "Buy": 0.007273417431861162
    },
    "OFSS.NS": {
        "Sell": 0.9643229246139526,
        "Hold": 0.03092321753501892,
        "Buy": 0.004753759130835533
    },
    "TATAELXSI.NS": {
        "Sell": 0.9812048673629761,
        "Hold": 0.01665465161204338,
        "Buy": 0.0021403837017714977
    },
    "ASHOKLEY.NS": {
        "Sell": 0.815065860748291,
        "Hold": 0.15754148364067078,
        "Buy": 0.027392728254199028
    },
    "TVSMOTOR.NS": {
        "Sell": 0.9122185111045837,
        "Hold": 0.07867710292339325,
        "Buy": 0.009104425087571144
    },
    "ESCORTS.NS": {
        "Sell": 0.9251501560211182,
        "Hold": 0.0646774023771286,
        "Buy": 0.010172347538173199
    },
    "BHARATFORG.NS": {
        "Sell": 0.8736290335655212,
        "Hold": 0.1087828129529953,
        "Buy": 0.017588170245289803
    },
    "BOSCHLTD.NS": {
        "Sell": 0.9766035079956055,