{
    "RELIANCE.NS": {
        "Sell": 0.7745809555053711,
        "Hold": 0.19513660669326782,
        "Buy": 0.03028249368071556
    },
    "TCS.NS": {
        "Sell": 0.7322366833686829,
        "Hold": 0.2223113477230072,
        "Buy": 0.04545197635889053
    },
    "HDFCBANK.NS": {
        "Sell": 0.7870886921882629,
        "Hold": 0.1827610582113266,
        "Buy": 0.030150223523378372
    },
    "ICICIBANK.NS": {
        "Sell": 0.8743686079978943,
        "Hold": 0.11171017587184906,
        "Buy": 0.01392109040170908
    },
    "INFY.NS": {
        "Sell": 0.3540475368499756,
        "Hold": 0.49011465907096863,
        "Buy": 0.1558377891778946
    },
    "ITC.NS": {
        "Sell": 0.9546238780021667,
        "Hold": 0.041342172771692276,
        "Buy": 0.004033898469060659
    },
    "LT.NS": {
        "Sell": 0.9379674196243286,
        "Hold": 0.05653296783566475,
        "Buy": 0.005499630700796843
    },
    "BHARTIARTL.NS": {
        "Sell": 0.9853837490081787,
        "Hold": 0.013167738914489746,
        "Buy": 0.0014485555002465844
    },
    "SBIN.NS": {
        "Sell": 0.8386392593383789,
        "Hold": 0.1412094086408615,
        "Buy": 0.02015141025185585
    },
    "HINDUNILVR.NS": {
        "Sell": 0.8788601756095886,
        "Hold": 0.10761544108390808,
        "Buy": 0.013524328358471394
    },
    "M&M.NS": {
        "Sell": 0.44000953435897827,
        "Hold": 0.4503473937511444,
        "Buy": 0.10964316129684448
    },
    "MARUTI.NS": {
        "Sell": 0.7515318989753723,
        "Hold": 0.22105306386947632,
        "Buy": 0.027415022253990173
    },
    "SUNPHARMA.NS": {
        "Sell": 0.936631977558136,
        "Hold": 0.058060694485902786,
        "Buy": 0.005307340063154697
    },
    "TATASTEEL.NS": {
        "Sell": 0.969875693321228,
        "Hold": 0.027054980397224426,
        "Buy": 0.003069265279918909
    },
    "BAJFINANCE.NS": {
        "Sell": 0.8958747982978821,
        "Hold": 0.09237489104270935,
        "Buy": 0.011750283651053905
    },
    "NTPC.NS": {
        "Sell": 0.9788593053817749,
        "Hold": 0.018880853429436684,
        "Buy": 0.0022598106879740953
    },
    "ONGC.NS": {
        "Sell": 0.9833899736404419,
        "Hold": 0.014875872991979122,
        "Buy": 0.0017340879421681166
    },
    "ASIANPAINT.NS": {
        "Sell": 0.9622390866279602,
        "Hold": 0.03421737998723984,
        "Buy": 0.0035435208119452
    },
    "TITAN.NS": {
        "Sell": 0.9748772382736206,
        "Hold": 0.022344782948493958,
        "Buy": 0.0027780167292803526
    },
    "ULTRACEMCO.NS": {
        "Sell": 0.8539707064628601,
        "Hold": 0.1297534853219986,
        "Buy": 0.016275828704237938
    },
    "WIPRO.NS": {
        "Sell": 0.9363473653793335,
        "Hold": 0.055629245936870575,
        "Buy": 0.008023298345506191
    },
    "HCLTECH.NS": {
        "Sell": 0.8597933650016785,
        "Hold": 0.1205345168709755,
        "Buy": 0.019672054797410965
    },
    "KOTAKBANK.NS": {
        "Sell": 0.7141570448875427,
        "Hold": 0.2520449161529541,
        "Buy": 0.033798035234212875
    },
    "AXISBANK.NS": {
        "Sell": 0.9051437973976135,
        "Hold": 0.08637479692697525,
        "Buy": 0.008481401950120926
    },
    "POWERGRID.NS": {
        "Sell": 0.9788092374801636,
        "Hold": 0.01899600774049759,
        "Buy": 0.002194699365645647
    },
    "BPCL.NS": {
        "Sell": 0.5687282681465149,
        "Hold": 0.359343022108078,
        "Buy": 0.0719287246465683
    },
    "GRASIM.NS": {
        "Sell": 0.9597466588020325,
        "Hold": 0.03658590838313103,
        "Buy": 0.0036674262955784798
    },
    "JSWSTEEL.NS": {
        "Sell": 0.9767141342163086,
        "Hold": 0.02069106325507164,
        "Buy": 0.0025948048569262028
    },
    "ADANIPORTS.NS": {
        "Sell": 0.9649179577827454,
        "Hold": 0.03099323995411396,
        "Buy": 0.004088724963366985
    },
    "INDUSINDBK.NS": {
        "Sell": 0.9787637591362,
        "Hold": 0.018686046823859215,
        "Buy": 0.002550198696553707
    },
    "DRREDDY.NS": {
        "Sell": 0.6288713812828064,
        "Hold": 0.32713261246681213,
        "Buy": 0.04399603605270386
    },
    "CIPLA.NS": {
        "Sell": 0.630743682384491,
        "Hold": 0.3243226706981659,
        "Buy": 0.04493359103798866
    },
    "EICHERMOT.NS": {
        "Sell": 0.9303691387176514,
        "Hold": 0.06179390102624893,
        "Buy": 0.00783704873174429
    },
    "APOLLOHOSP.NS": {
        "Sell": 0.9532545804977417,
        "Hold": 0.0429692417383194,
        "Buy": 0.003776164259761572
    },
    "DIVISLAB.NS": {
        "Sell": 0.9410269260406494,
        "Hold": 0.05331528186798096,
        "Buy": 0.005657752975821495
    },
    "TATACONSUM.NS": {
        "Sell": 0.8709768056869507,
        "Hold": 0.11568102240562439,
        "Buy": 0.013342144899070263
    },
    "BRITANNIA.NS": {
        "Sell": 0.8489572405815125,
        "Hold": 0.13690941035747528,
        "Buy": 0.014133311808109283
    },
    "BAJAJ-AUTO.NS": {
        "Sell": 0.9630645513534546,
        "Hold": 0.03355870395898819,
        "Buy": 0.0033767898567020893
    },
    "HEROMOTOCO.NS": {
        "Sell": 0.9271304607391357,
        "Hold": 0.06586866825819016,
        "Buy": 0.007000840734690428
    },
    "TECHM.NS": {
        "Sell": 0.6176159381866455,
        "Hold": 0.3187575340270996,
        "Buy": 0.06362656503915787
    },
    "FEDERALBNK.NS": {
        "Sell": 0.9600517749786377,
        "Hold": 0.03604966402053833,
        "Buy": 0.00389847788028419
    },
    "PNB.NS": {
        "Sell": 0.9157650470733643,
        "Hold": 0.07497304677963257,
        "Buy": 0.009261838160455227
    },
    "BANKBARODA.NS": {
        "Sell": 0.9016865491867065,
        "Hold": 0.08489620685577393,
        "Buy": 0.013417227193713188
    },
    "CANBK.NS": {
        "Sell": 0.9390377402305603,
        "Hold": 0.054239362478256226,
        "Buy": 0.0067228213883936405
    },
    "IOB.NS": {
        "Sell": 0.9352626800537109,
        "Hold": 0.05839068070054054,
        "Buy": 0.006346531677991152
    },
    "UNIONBANK.NS": {
        "Sell": 0.9393651485443115,
        "Hold": 0.053730886429548264,
        "Buy": 0.006903975270688534
    },
    "CHOLAFIN.NS": {
        "Sell": 0.7514625787734985,
        "Hold": 0.21835753321647644,
        "Buy": 0.030179953202605247
    },
    "M&MFIN.NS": {
        "Sell": 0.21496260166168213,
        "Hold": 0.5897437334060669,
        "Buy": 0.19529369473457336
    },
    "PFC.NS": {
        "Sell": 0.9370198845863342,
        "Hold": 0.0562460720539093,
        "Buy": 0.006734001450240612
    },
    "LICHSGFIN.NS": {
        "Sell": 0.9428586363792419,
        "Hold": 0.0517338328063488,
        "Buy": 0.005407497752457857
    },
    "PERSISTENT.NS": {
        "Sell": 0.7358524799346924,
        "Hold": 0.21697460114955902,
        "Buy": 0.04717286676168442
    },
    "MPHASIS.NS": {
        "Sell": 0.7479787468910217,
        "Hold": 0.20841749012470245,
        "Buy": 0.04360373690724373
    },
    "OFSS.NS": {
        "Sell": 0.6686556339263916,
        "Hold": 0.2774149179458618,
        "Buy": 0.05392942577600479
    },
    "TATAELXSI.NS": {
        "Sell": 0.9060043692588806,
        "Hold": 0.0822395458817482,
        "Buy": 0.011756118386983871
    },
    "ASHOKLEY.NS": {
        "Sell": 0.7631939053535461,
        "Hold": 0.19565270841121674,
        "Buy": 0.041153352707624435
    },
    "TVSMOTOR.NS": {
        "Sell": 0.6894304156303406,
        "Hold": 0.26527053117752075,
        "Buy": 0.0452989861369133
    },
    "ESCORTS.NS": {
        "Sell": 0.7611503005027771,
        "Hold": 0.20909914374351501,
        "Buy": 0.029750600457191467
    },
    "BHARATFORG.NS": {
        "Sell": 0.831582248210907,
        "Hold": 0.14589716494083405,
        "Buy": 0.02252047508955002
    },
    "BOSCHLTD.NS": {
        "Sell": 0.9110856652259827,
        "Hold": 0.07762821018695831,