{
    "RELIANCE.NS": {
        "Sell": 0.8994374871253967,
        "Hold": 0.09138590097427368,
        "Buy": 0.009176645427942276
    },
    "TCS.NS": {
        "Sell": 0.4935382306575775,
        "Hold": 0.4160633087158203,
        "Buy": 0.09039847552776337
    },
    "HDFCBANK.NS": {
        "Sell": 0.9458954334259033,
        "Hold": 0.0492304190993309,
        "Buy": 0.004874063190072775
    },
    "ICICIBANK.NS": {
        "Sell": 0.8372029066085815,
        "Hold": 0.14591754972934723,
        "Buy": 0.01687958836555481
    },
    "INFY.NS": {
        "Sell": 0.691559374332428,
        "Hold": 0.2596452236175537,
        "Buy": 0.048795465379953384
    },
    "ITC.NS": {
        "Sell": 0.9744149446487427,
        "Hold": 0.02361651323735714,
        "Buy": 0.001968579599633813
    },
    "LT.NS": {
        "Sell": 0.9706929326057434,
        "Hold": 0.027111247181892395,
        "Buy": 0.0021957887802273035
    },
    "BHARTIARTL.NS": {
        "Sell": 0.980851411819458,
        "Hold": 0.01730954647064209,
        "Buy": 0.0018389674369245768
    },
    "SBIN.NS": {
        "Sell": 0.946286678314209,
        "Hold": 0.04916444793343544,
        "Buy": 0.004548877477645874
    },
    "HINDUNILVR.NS": {
        "Sell": 0.9674568772315979,
        "Hold": 0.030094467103481293,
        "Buy": 0.0024485914036631584
    },
    "M&M.NS": {
        "Sell": 0.9072392582893372,
        "Hold": 0.08391305804252625,
        "Buy": 0.008847760036587715
    },
    "MARUTI.NS": {
        "Sell": 0.9037297368049622,
        "Hold": 0.08751378953456879,
        "Buy": 0.008756504394114017
    },
    "SUNPHARMA.NS": {
        "Sell": 0.9817234873771667,
        "Hold": 0.016711929813027382,
        "Buy": 0.0015644433442503214
    },
    "TATASTEEL.NS": {
        "Sell": 0.9474188685417175,
        "Hold": 0.04755879566073418,
        "Buy": 0.005022242199629545
    },
    "BAJFINANCE.NS": {
        "Sell": 0.7549824714660645,
        "Hold": 0.20587962865829468,
        "Buy": 0.039137933403253555
    },
    "NTPC.NS": {
        "Sell": 0.8666636943817139,
        "Hold": 0.11934907734394073,
        "Buy": 0.013987168669700623
    },
    "ONGC.NS": {
        "Sell": 0.6272189021110535,
        "Hold": 0.32543936371803284,
        "Buy": 0.04734177142381668
    },
    "ASIANPAINT.NS": {
        "Sell": 0.9448310136795044,
        "Hold": 0.05021291226148605,
        "Buy": 0.004956025630235672
    },
    "TITAN.NS": {
        "Sell": 0.8879806399345398,
        "Hold": 0.1005333811044693,
        "Buy": 0.011486036702990532
    },
    "ULTRACEMCO.NS": {
        "Sell": 0.9252455830574036,
        "Hold": 0.0685930997133255,
        "Buy": 0.006161183584481478
    },
    "WIPRO.NS": {
        "Sell": 0.9203264117240906,
        "Hold": 0.07164377719163895,
        "Buy": 0.008029790595173836
    },
    "HCLTECH.NS": {
        "Sell": 0.8643020391464233,
        "Hold": 0.11726892739534378,
        "Buy": 0.018429089337587357
    },
    "KOTAKBANK.NS": {
        "Sell": 0.9739571213722229,
        "Hold": 0.023687073960900307,
        "Buy": 0.002355798613280058
    },
    "AXISBANK.NS": {
        "Sell": 0.8378139138221741,
        "Hold": 0.14400507509708405,
        "Buy": 0.018180975690484047
    },
    "POWERGRID.NS": {
        "Sell": 0.9555086493492126,
        "Hold": 0.04112440347671509,
        "Buy": 0.003366931574419141
    },
    "BPCL.NS": {
        "Sell": 0.9445279240608215,
        "Hold": 0.049739670008420944,
        "Buy": 0.005732348654419184
    },
    "GRASIM.NS": {
        "Sell": 0.9891335964202881,
        "Hold": 0.009735477156937122,
        "Buy": 0.0011309145484119654
    },
    "JSWSTEEL.NS": {
        "Sell": 0.9299669861793518,
        "Hold": 0.06381735950708389,
        "Buy": 0.006215663626790047
    },
    "ADANIPORTS.NS": {
        "Sell": 0.9293045401573181,
        "Hold": 0.06461405009031296,
        "Buy": 0.006081493105739355
    },
    "INDUSINDBK.NS": {
        "Sell": 0.9547247290611267,
        "Hold": 0.03997961804270744,
        "Buy": 0.0052955979481339455
    },
    "DRREDDY.NS": {
        "Sell": 0.6482053995132446,
        "Hold": 0.2988841235637665,
        "Buy": 0.05291043221950531
    },
    "CIPLA.NS": {
        "Sell": 0.9589326977729797,
        "Hold": 0.0372382253408432,
        "Buy": 0.0038290712982416153
    },
    "EICHERMOT.NS": {
        "Sell": 0.882464587688446,
        "Hold": 0.10415317118167877,
        "Buy": 0.013382225297391415
    },
    "APOLLOHOSP.NS": {
        "Sell": 0.9639623761177063,
        "Hold": 0.0331338606774807,
        "Buy": 0.002903719199821353
    },
    "DIVISLAB.NS": {
        "Sell": 0.7701374888420105,
        "Hold": 0.20211440324783325,
        "Buy": 0.027748199179768562
    },
    "TATACONSUM.NS": {
        "Sell": 0.9740172028541565,
        "Hold": 0.02355954237282276,
        "Buy": 0.002423287136480212
    },
    "BRITANNIA.NS": {
        "Sell": 0.9590480327606201,
        "Hold": 0.03722584620118141,
        "Buy": 0.0037262137047946453
    },
    "BAJAJ-AUTO.NS": {
        "Sell": 0.8310540914535522,
        "Hold": 0.1506093442440033,
        "Buy": 0.01833651214838028
    },
    "HEROMOTOCO.NS": {
        "Sell": 0.9335288405418396,
        "Hold": 0.059763167053461075,
        "Buy": 0.006707914639264345
    },
    "TECHM.NS": {
        "Sell": 0.6837846040725708,
        "Hold": 0.26130032539367676,
        "Buy": 0.054915111511945724
    },
    "FEDERALBNK.NS": {
        "Sell": 0.941687822341919,
        "Hold": 0.05219923332333565,
        "Buy": 0.006112865637987852
    },
    "PNB.NS": {
        "Sell": 0.95331209897995,
        "Hold": 0.042146261781454086,
        "Buy": 0.004541684407740831
    },
    "BANKBARODA.NS": {
        "Sell": 0.9569371938705444,
        "Hold": 0.03852108493447304,
        "Buy": 0.004541722126305103
    },
    "CANBK.NS": {
        "Sell": 0.9468922019004822,
        "Hold": 0.04668515920639038,
        "Buy": 0.006422653794288635
    },
    "IOB.NS": {
        "Sell": 0.9627381563186646,
        "Hold": 0.0333569310605526,
        "Buy": 0.003904926124960184
    },
    "UNIONBANK.NS": {
        "Sell": 0.6352041959762573,
        "Hold": 0.31093743443489075,
        "Buy": 0.05385830998420715
    },
    "CHOLAFIN.NS": {
        "Sell": 0.9010846018791199,
        "Hold": 0.08648155629634857,
        "Buy": 0.01243382878601551
    },
    "M&MFIN.NS": {
        "Sell": 0.9501399993896484,
        "Hold": 0.041732124984264374,
        "Buy": 0.00812783744186163
    },
    "PFC.NS": {
        "Sell": 0.9478569030761719,
        "Hold": 0.047594353556632996,
        "Buy": 0.004548773635178804
    },
    "LICHSGFIN.NS": {
        "Sell": 0.9453637003898621,
        "Hold": 0.0497177317738533,
        "Buy": 0.004918623249977827
    },
    "PERSISTENT.NS": {
        "Sell": 0.8425909876823425,
        "Hold": 0.134707510471344,
        "Buy": 0.022701459005475044
    },
    "MPHASIS.NS": {
        "Sell": 0.8460020422935486,
        "Hold": 0.13243353366851807,
        "Buy": 0.021564457565546036
    },
    "OFSS.NS": {
        "Sell": 0.8565449118614197,
        "Hold": 0.12119316309690475,
        "Buy": 0.022261882200837135
    },
    "TATAELXSI.NS": {
        "Sell": 0.9485647678375244,
        "Hold": 0.04658329486846924,
        "Buy": 0.004851917270570993
    },
    "ASHOKLEY.NS": {
        "Sell": 0.7718994617462158,
        "Hold": 0.19555090367794037,
        "Buy": 0.032549627125263214
    },
    "TVSMOTOR.NS": {
        "Sell": 0.92086261510849,
        "Hold": 0.06952265650033951,
        "Buy": 0.009614738635718822
    },
    "ESCORTS.NS": {
        "Sell": 0.8996561765670776,
        "Hold": 0.0892043337225914,
        "Buy": 0.011139447800815105
    },
    "BHARATFORG.NS": {
        "Sell": 0.974306583404541,
        "Hold": 0.021580271422863007,
        "Buy": 0.004113208502531052
    },
    "BOSCHLTD.NS": {
        "Sell": 0.9823464751243591,
        "Hold": 0.015693053603172302,