{
    "RELIANCE.NS": {
        "Sell": 0.8187152147293091,
        "Hold": 0.15925851464271545,
        "Buy": 0.02202632464468479
    },
    "TCS.NS": {
        "Sell": 0.9537385702133179,
        "Hold": 0.04029416665434837,
        "Buy": 0.005967204924672842
    },
    "HDFCBANK.NS": {
        "Sell": 0.9000439047813416,
        "Hold": 0.08824081718921661,
        "Buy": 0.011715277098119259
    },
    "ICICIBANK.NS": {
        "Sell": 0.9140551090240479,
        "Hold": 0.07647087424993515,
        "Buy": 0.009474103339016438
    },
    "INFY.NS": {
        "Sell": 0.9807213544845581,
        "Hold": 0.01679081656038761,
        "Buy": 0.002487899735569954
    },
    "ITC.NS": {
        "Sell": 0.9171602129936218,
        "Hold": 0.07509759813547134,
        "Buy": 0.007742186076939106
    },
    "LT.NS": {
        "Sell": 0.9764161705970764,
        "Hold": 0.02147369459271431,
        "Buy": 0.002110147150233388
    },
    "BHARTIARTL.NS": {
        "Sell": 0.8812710642814636,
        "Hold": 0.10605470836162567,
        "Buy": 0.01267421618103981
    },
    "SBIN.NS": {
        "Sell": 0.9282132387161255,
        "Hold": 0.06429725885391235,
        "Buy": 0.007489500567317009
    },
    "HINDUNILVR.NS": {
        "Sell": 0.8876134157180786,
        "Hold": 0.10087559372186661,
        "Buy": 0.011510936543345451
    },
    "M&M.NS": {
        "Sell": 0.9541926980018616,
        "Hold": 0.04120202362537384,
        "Buy": 0.004605188500136137
    },
    "MARUTI.NS": {
        "Sell": 0.9126361012458801,
        "Hold": 0.07831937074661255,
        "Buy": 0.009044524282217026
    },
    "SUNPHARMA.NS": {
        "Sell": 0.8748371601104736,
        "Hold": 0.11319182813167572,
        "Buy": 0.011970961466431618
    },
    "TATASTEEL.NS": {
        "Sell": 0.8238388895988464,
        "Hold": 0.15303713083267212,
        "Buy": 0.023124100640416145
    },
    "BAJFINANCE.NS": {
        "Sell": 0.8583683967590332,
        "Hold": 0.12041046470403671,
        "Buy": 0.021221082657575607
    },
    "NTPC.NS": {
        "Sell": 0.9885086417198181,
        "Hold": 0.010367793031036854,
        "Buy": 0.0011235532583668828
    },
    "ONGC.NS": {
        "Sell": 0.963219165802002,
        "Hold": 0.03395037725567818,
        "Buy": 0.002830507466569543
    },
    "ASIANPAINT.NS": {
        "Sell": 0.843239426612854,
        "Hold": 0.13944022357463837,
        "Buy": 0.017320353537797928
    },
    "TITAN.NS": {
        "Sell": 0.9349489212036133,
        "Hold": 0.05941971763968468,
        "Buy": 0.0056313080713152885
    },
    "ULTRACEMCO.NS": {
        "Sell": 0.789642333984375,
        "Hold": 0.18720892071723938,
        "Buy": 0.02314859814941883
    },
    "WIPRO.NS": {
        "Sell": 0.9766992330551147,
        "Hold": 0.021022923290729523,
        "Buy": 0.0022778711281716824
    },
    "HCLTECH.NS": {
        "Sell": 0.9779453873634338,
        "Hold": 0.018617801368236542,
        "Buy": 0.003436822211369872
    },
    "KOTAKBANK.NS": {
        "Sell": 0.9526130557060242,
        "Hold": 0.04217148572206497,
        "Buy": 0.005215348210185766
    },
    "AXISBANK.NS": {
        "Sell": 0.9343542456626892,
        "Hold": 0.05839812755584717,
        "Buy": 0.007247662637382746
    },
    "POWERGRID.NS": {
        "Sell": 0.9679497480392456,
        "Hold": 0.029189715161919594,
        "Buy": 0.002860472071915865
    },
    "BPCL.NS": {
        "Sell": 0.7758182287216187,
        "Hold": 0.19189861416816711,
        "Buy": 0.032283052802085876
    },
    "GRASIM.NS": {
        "Sell": 0.853215754032135,
        "Hold": 0.1288059949874878,
        "Buy": 0.017978323623538017
    },
    "JSWSTEEL.NS": {
        "Sell": 0.922728419303894,
        "Hold": 0.06950349360704422,
        "Buy": 0.00776800699532032
    },
    "ADANIPORTS.NS": {
        "Sell": 0.8453142642974854,
        "Hold": 0.13543125987052917,
        "Buy": 0.01925446093082428
    },
    "INDUSINDBK.NS": {
        "Sell": 0.8617807626724243,
        "Hold": 0.12003351747989655,
        "Buy": 0.01818571798503399
    },
    "DRREDDY.NS": {
        "Sell": 0.967198371887207,
        "Hold": 0.03005209192633629,
        "Buy": 0.0027493909001350403
    },
    "CIPLA.NS": {
        "Sell": 0.9311826229095459,
        "Hold": 0.06200440973043442,
        "Buy": 0.006812963169068098
    },
    "EICHERMOT.NS": {
        "Sell": 0.6707992553710938,
        "Hold": 0.28863754868507385,
        "Buy": 0.04056325554847717
    },
    "APOLLOHOSP.NS": {
        "Sell": 0.9021573066711426,
        "Hold": 0.08897704631090164,
        "Buy": 0.008865639567375183
    },
    "DIVISLAB.NS": {
        "Sell": 0.8641466498374939,
        "Hold": 0.12246619164943695,
        "Buy": 0.013387100771069527
    },
    "TATACONSUM.NS": {
        "Sell": 0.9010864496231079,
        "Hold": 0.0885261744260788,
        "Buy": 0.010387283749878407
    },
    "BRITANNIA.NS": {
        "Sell": 0.892586350440979,
        "Hold": 0.09613989293575287,
        "Buy": 0.01127370074391365
    },
    "BAJAJ-AUTO.NS": {
        "Sell": 0.9706330895423889,
        "Hold": 0.02690686658024788,
        "Buy": 0.0024601176846772432
    },
    "HEROMOTOCO.NS": {
        "Sell": 0.9489079713821411,
        "Hold": 0.0461224801838398,
        "Buy": 0.004969489760696888
    },
    "TECHM.NS": {
        "Sell": 0.920274555683136,
        "Hold": 0.06872957199811935,
        "Buy": 0.010995819233357906
    },
    "FEDERALBNK.NS": {
        "Sell": 0.8439461588859558,
        "Hold": 0.13365507125854492,
        "Buy": 0.022398727014660835
    },
    "PNB.NS": {
        "Sell": 0.9639410376548767,
        "Hold": 0.03218812122941017,
        "Buy": 0.003870825283229351
    },
    "BANKBARODA.NS": {
        "Sell": 0.9598762392997742,
        "Hold": 0.03542985022068024,
        "Buy": 0.004693891853094101
    },
    "CANBK.NS": {
        "Sell": 0.9619439244270325,
        "Hold": 0.032873012125492096,
        "Buy": 0.005183130502700806
    },
    "IOB.NS": {
        "Sell": 0.9083436727523804,
        "Hold": 0.08019805699586868,
        "Buy": 0.011458342894911766
    },
    "UNIONBANK.NS": {
        "Sell": 0.9850409626960754,
        "Hold": 0.012728377245366573,
        "Buy": 0.0022306405007839203
    },
    "CHOLAFIN.NS": {
        "Sell": 0.9457547068595886,
        "Hold": 0.047117192298173904,
        "Buy": 0.007128011900931597
    },
    "M&MFIN.NS": {
        "Sell": 0.9417656064033508,
        "Hold": 0.0478658489882946,
        "Buy": 0.010368553921580315
    },
    "PFC.NS": {
        "Sell": 0.9435544013977051,
        "Hold": 0.0507742203772068,
        "Buy": 0.005671358201652765
    },
    "LICHSGFIN.NS": {
        "Sell": 0.9584102630615234,
        "Hold": 0.03725512698292732,
        "Buy": 0.0043345969170331955
    },
    "PERSISTENT.NS": {
        "Sell": 0.9518267512321472,
        "Hold": 0.04000503197312355,
        "Buy": 0.00816821213811636
    },
    "MPHASIS.NS": {
        "Sell": 0.9674643874168396,
        "Hold": 0.027615100145339966,
        "Buy": 0.004920419305562973
    },
    "OFSS.NS": {
        "Sell": 0.90554279088974,
        "Hold": 0.07724323123693466,
        "Buy": 0.017214030027389526
    },
    "TATAELXSI.NS": {
        "Sell": 0.9938263893127441,
        "Hold": 0.0053676217794418335,
        "Buy": 0.0008060118416324258
    },
    "ASHOKLEY.NS": {
        "Sell": 0.9831619262695312,
        "Hold": 0.014453073963522911,
        "Buy": 0.0023849515710026026
    },
    "TVSMOTOR.NS": {
        "Sell": 0.9776856303215027,
        "Hold": 0.01965847611427307,
        "Buy": 0.002655905671417713
    },
    "ESCORTS.NS": {
        "Sell": 0.9683905243873596,
        "Hold": 0.028307514265179634,
        "Buy": 0.003301912220194936
    },
    "BHARATFORG.NS": {
        "Sell": 0.9144964218139648,
        "Hold": 0.07052408903837204,
        "Buy": 0.014979519881308079
    },
    "BOSCHLTD.NS": {
        "Sell": 0.9655569195747375,
        "Hold": 0.030950957909226418,