{
    "RELIANCE.NS": {
        "Sell": 0.9914934635162354,
        "Hold": 0.007573012728244066,
        "Buy": 0.0009334817877970636
    },
    "TCS.NS": {
        "Sell": 0.972557783126831,
        "Hold": 0.024280188605189323,
        "Buy": 0.0031620191875845194
    },
    "HDFCBANK.NS": {
        "Sell": 0.9935390949249268,
        "Hold": 0.005762679502367973,
        "Buy": 0.0006982162012718618
    },
    "ICICIBANK.NS": {
        "Sell": 0.972524881362915,
        "Hold": 0.02489032968878746,
        "Buy": 0.002584715373814106
    },
    "INFY.NS": {
        "Sell": 0.9844667911529541,
        "Hold": 0.013432934880256653,
        "Buy": 0.0021002658177167177
    },
    "ITC.NS": {
        "Sell": 0.9461612701416016,
        "Hold": 0.048516444861888885,
        "Buy": 0.005322293844074011
    },
    "LT.NS": {
        "Sell": 0.9764252305030823,
        "Hold": 0.021816805005073547,
        "Buy": 0.001757945865392685
    },
    "BHARTIARTL.NS": {
        "Sell": 0.8613240122795105,
        "Hold": 0.12526245415210724,
        "Buy": 0.013413514010608196
    },
    "SBIN.NS": {
        "Sell": 0.9853076338768005,
        "Hold": 0.0130171412602067,
        "Buy": 0.0016752160154283047
    },
    "HINDUNILVR.NS": {
        "Sell": 0.9633411169052124,
        "Hold": 0.03376145288348198,
        "Buy": 0.002897395519539714
    },
    "M&M.NS": {
        "Sell": 0.9511125087738037,
        "Hold": 0.04397830367088318,
        "Buy": 0.004909159615635872
    },
    "MARUTI.NS": {
        "Sell": 0.97652268409729,
        "Hold": 0.020630404353141785,
        "Buy": 0.002846934599801898
    },
    "SUNPHARMA.NS": {
        "Sell": 0.8121184706687927,
        "Hold": 0.169597789645195,
        "Buy": 0.018283765763044357
    },
    "TATASTEEL.NS": {
        "Sell": 0.9575434327125549,
        "Hold": 0.038728535175323486,
        "Buy": 0.00372806447558105
    },
    "BAJFINANCE.NS": {
        "Sell": 0.9728398323059082,
        "Hold": 0.02359735779464245,
        "Buy": 0.0035628958139568567
    },
    "NTPC.NS": {
        "Sell": 0.8699179291725159,
        "Hold": 0.11737921833992004,
        "Buy": 0.012702777050435543
    },
    "ONGC.NS": {
        "Sell": 0.8933864831924438,
        "Hold": 0.09756369888782501,
        "Buy": 0.009049870073795319
    },
    "ASIANPAINT.NS": {
        "Sell": 0.9584847688674927,
        "Hold": 0.0377126969397068,
        "Buy": 0.003802430583164096
    },
    "TITAN.NS": {
        "Sell": 0.9224024415016174,
        "Hold": 0.07056275755167007,
        "Buy": 0.007034853100776672
    },
    "ULTRACEMCO.NS": {
        "Sell": 0.8206079602241516,
        "Hold": 0.16061431169509888,
        "Buy": 0.018777722492814064
    },
    "WIPRO.NS": {
        "Sell": 0.9182509779930115,
        "Hold": 0.07290422171354294,
        "Buy": 0.008844694122672081
    },
    "HCLTECH.NS": {
        "Sell": 0.9168331623077393,
        "Hold": 0.07361068576574326,
        "Buy": 0.009556189179420471
    },
    "KOTAKBANK.NS": {
        "Sell": 0.9819881319999695,
        "Hold": 0.01583610288798809,
        "Buy": 0.002175755798816681
    },
    "AXISBANK.NS": {
        "Sell": 0.9932951331138611,
        "Hold": 0.005968612153083086,
        "Buy": 0.0007362156175076962
    },
    "POWERGRID.NS": {
        "Sell": 0.9133552312850952,
        "Hold": 0.07865773141384125,
        "Buy": 0.007987010292708874
    },
    "BPCL.NS": {
        "Sell": 0.9655385613441467,
        "Hold": 0.030165785923600197,
        "Buy": 0.004295677412301302
    },
    "GRASIM.NS": {
        "Sell": 0.9567649364471436,
        "Hold": 0.039248500019311905,
        "Buy": 0.003986619412899017
    },
    "JSWSTEEL.NS": {
        "Sell": 0.9472833871841431,
        "Hold": 0.04861082136631012,
        "Buy": 0.004105713218450546
    },
    "ADANIPORTS.NS": {
        "Sell": 0.9769190549850464,
        "Hold": 0.020818442106246948,
        "Buy": 0.002262567635625601
    },
    "INDUSINDBK.NS": {
        "Sell": 0.9633575081825256,
        "Hold": 0.03281588852405548,
        "Buy": 0.003826575819402933
    },
    "DRREDDY.NS": {
        "Sell": 0.9537257552146912,
        "Hold": 0.041511423885822296,
        "Buy": 0.0047628493048250675
    },
    "CIPLA.NS": {
        "Sell": 0.9202536940574646,
        "Hold": 0.07095479965209961,
        "Buy": 0.008791495114564896
    },
    "EICHERMOT.NS": {
        "Sell": 0.9363544583320618,
        "Hold": 0.057344332337379456,
        "Buy": 0.006301202345639467
    },
    "APOLLOHOSP.NS": {
        "Sell": 0.8835680484771729,
        "Hold": 0.10557640343904495,
        "Buy": 0.010855491273105145
    },
    "DIVISLAB.NS": {
        "Sell": 0.8290978074073792,
        "Hold": 0.15087643265724182,
        "Buy": 0.02002572827041149
    },
    "TATACONSUM.NS": {
        "Sell": 0.8836526870727539,
        "Hold": 0.10468962788581848,
        "Buy": 0.011657710187137127
    },
    "BRITANNIA.NS": {
        "Sell": 0.9708275198936462,
        "Hold": 0.02625756524503231,
        "Buy": 0.0029149262700229883
    },
    "BAJAJ-AUTO.NS": {
        "Sell": 0.7959665060043335,
        "Hold": 0.18352924287319183,
        "Buy": 0.020504159852862358
    },
    "HEROMOTOCO.NS": {
        "Sell": 0.68671053647995,
        "Hold": 0.2729015350341797,
        "Buy": 0.040388066321611404
    },
    "TECHM.NS": {
        "Sell": 0.9807800650596619,
        "Hold": 0.016773352399468422,
        "Buy": 0.002446647733449936
    },
    "FEDERALBNK.NS": {
        "Sell": 0.9841762185096741,
        "Hold": 0.014202212914824486,
        "Buy": 0.00162168696988374
    },
    "PNB.NS": {
        "Sell": 0.8820375204086304,
        "Hold": 0.10427962988615036,
        "Buy": 0.013682907447218895
    },
    "BANKBARODA.NS": {
        "Sell": 0.9388536810874939,
        "Hold": 0.05431843176484108,
        "Buy": 0.0068278927356004715
    },
    "CANBK.NS": {
        "Sell": 0.9101186990737915,
        "Hold": 0.07817891240119934,
        "Buy": 0.011702376417815685
    },
    "IOB.NS": {
        "Sell": 0.9378101825714111,
        "Hold": 0.0562124103307724,
        "Buy": 0.005977353546768427
    },
    "UNIONBANK.NS": {
        "Sell": 0.9137378334999084,
        "Hold": 0.07434777170419693,
        "Buy": 0.011914364993572235
    },
    "CHOLAFIN.NS": {
        "Sell": 0.9851502180099487,
        "Hold": 0.012968624010682106,
        "Buy": 0.0018810959300026298
    },
    "M&MFIN.NS": {
        "Sell": 0.5897576212882996,
        "Hold": 0.3380751311779022,
        "Buy": 0.07216722518205643
    },
    "PFC.NS": {
        "Sell": 0.9116621017456055,
        "Hold": 0.08024121820926666,
        "Buy": 0.008096675388514996
    },
    "LICHSGFIN.NS": {
        "Sell": 0.9716565012931824,
        "Hold": 0.025786682963371277,
        "Buy": 0.0025568762794137
    },
    "PERSISTENT.NS": {
        "Sell": 0.9823512434959412,
        "Hold": 0.015211274847388268,
        "Buy": 0.0024373773485422134
    },
    "MPHASIS.NS": {
        "Sell": 0.9883668422698975,
        "Hold": 0.009961994364857674,
        "Buy": 0.001671092351898551
    },
    "OFSS.NS": {
        "Sell": 0.9828730225563049,
        "Hold": 0.014699229039251804,
        "Buy": 0.0024277251213788986
    },
    "TATAELXSI.NS": {
        "Sell": 0.9729619026184082,
        "Hold": 0.023797262459993362,
        "Buy": 0.003240885678678751
    },
    "ASHOKLEY.NS": {
        "Sell": 0.9689816832542419,
        "Hold": 0.027000663802027702,
        "Buy": 0.004017734434455633
    },
    "TVSMOTOR.NS": {
        "Sell": 0.8095967173576355,
        "Hold": 0.1668093055486679,
        "Buy": 0.023593928664922714
    },
    "ESCORTS.NS": {
        "Sell": 0.9422958493232727,
        "Hold": 0.051045678555965424,
        "Buy": 0.006658456288278103
    },
    "BHARATFORG.NS": {
        "Sell": 0.9804055094718933,
        "Hold": 0.016772575676441193,
        "Buy": 0.002821929519996047
    },
    "BOSCHLTD.NS": {
        "Sell": 0.7208847999572754,