{
    "RELIANCE.NS": {
        "Sell": 0.9770923852920532,
        "Hold": 0.021056506782770157,
        "Buy": 0.0018511043163016438
    },
    "TCS.NS": {
        "Sell": 0.845865786075592,
        "Hold": 0.13017480075359344,
        "Buy": 0.02395942062139511
    },
    "HDFCBANK.NS": {
        "Sell": 0.9819245338439941,
        "Hold": 0.01620272733271122,
        "Buy": 0.0018727483693510294
    },
    "ICICIBANK.NS": {
        "Sell": 0.9246273040771484,
        "Hold": 0.06894479691982269,
        "Buy": 0.006427982822060585
    },
    "INFY.NS": {
        "Sell": 0.9225149750709534,
        "Hold": 0.06671366840600967,
        "Buy": 0.01077134907245636
    },
    "ITC.NS": {
        "Sell": 0.7810849547386169,
        "Hold": 0.18926368653774261,
        "Buy": 0.029651233926415443
    },
    "LT.NS": {
        "Sell": 0.9293472766876221,
        "Hold": 0.06426414102315903,
        "Buy": 0.006388577166944742
    },
    "BHARTIARTL.NS": {
        "Sell": 0.9697504639625549,
        "Hold": 0.02727256715297699,
        "Buy": 0.002977019874379039
    },
    "SBIN.NS": {
        "Sell": 0.9117117524147034,
        "Hold": 0.07974585890769958,
        "Buy": 0.008542351424694061
    },
    "HINDUNILVR.NS": {
        "Sell": 0.9199591875076294,
        "Hold": 0.07301215827465057,
        "Buy": 0.007028709165751934
    },
    "M&M.NS": {
        "Sell": 0.9619178175926208,
        "Hold": 0.03440605849027634,
        "Buy": 0.0036761716473847628
    },
    "MARUTI.NS": {
        "Sell": 0.9288322925567627,
        "Hold": 0.0635947436094284,
        "Buy": 0.007572934031486511
    },
    "SUNPHARMA.NS": {
        "Sell": 0.9537341594696045,
        "Hold": 0.04225108027458191,
        "Buy": 0.0040148114785552025
    },
    "TATASTEEL.NS": {
        "Sell": 0.9816633462905884,
        "Hold": 0.016225196421146393,
        "Buy": 0.00211141724139452
    },
    "BAJFINANCE.NS": {
        "Sell": 0.8833675384521484,
        "Hold": 0.10450956225395203,
        "Buy": 0.012122932821512222
    },
    "NTPC.NS": {
        "Sell": 0.9776891469955444,
        "Hold": 0.02028786949813366,
        "Buy": 0.00202300981618464
    },
    "ONGC.NS": {
        "Sell": 0.9859841465950012,
        "Hold": 0.012690041214227676,
        "Buy": 0.0013257809914648533
    },
    "ASIANPAINT.NS": {
        "Sell": 0.8873808979988098,
        "Hold": 0.10025849938392639,
        "Buy": 0.012360570952296257
    },
    "TITAN.NS": {
        "Sell": 0.9325606226921082,
        "Hold": 0.061204150319099426,
        "Buy": 0.006235219072550535
    },
    "ULTRACEMCO.NS": {
        "Sell": 0.9637421369552612,
        "Hold": 0.03330329805612564,
        "Buy": 0.002954520285129547
    },
    "WIPRO.NS": {
        "Sell": 0.9803950190544128,
        "Hold": 0.017108406871557236,
        "Buy": 0.0024964879266917706
    },
    "HCLTECH.NS": {
        "Sell": 0.8074295520782471,
        "Hold": 0.1630164533853531,
        "Buy": 0.029553929343819618
    },
    "KOTAKBANK.NS": {
        "Sell": 0.953627347946167,
        "Hold": 0.041909992694854736,
        "Buy": 0.004462720826268196
    },
    "AXISBANK.NS": {
        "Sell": 0.8700265288352966,
        "Hold": 0.11814233660697937,
        "Buy": 0.011831152252852917
    },
    "POWERGRID.NS": {
        "Sell": 0.9658796191215515,
        "Hold": 0.031117567792534828,
        "Buy": 0.0030027921311557293
    },
    "BPCL.NS": {
        "Sell": 0.9139767289161682,
        "Hold": 0.0776667594909668,
        "Buy": 0.008356550708413124
    },
    "GRASIM.NS": {
        "Sell": 0.951839804649353,
        "Hold": 0.04377849027514458,
        "Buy": 0.00438163336366415
    },
    "JSWSTEEL.NS": {
        "Sell": 0.9792097210884094,
        "Hold": 0.018648890778422356,
        "Buy": 0.002141323173418641
    },
    "ADANIPORTS.NS": {
        "Sell": 0.8728621602058411,
        "Hold": 0.11024915426969528,
        "Buy": 0.0168886948376894
    },
    "INDUSINDBK.NS": {
        "Sell": 0.6454011797904968,
        "Hold": 0.2973731756210327,
        "Buy": 0.05722574144601822
    },
    "DRREDDY.NS": {
        "Sell": 0.891886830329895,
        "Hold": 0.09721645712852478,
        "Buy": 0.010896691121160984
    },
    "CIPLA.NS": {
        "Sell": 0.8741741180419922,
        "Hold": 0.11267362534999847,
        "Buy": 0.013152293860912323
    },
    "EICHERMOT.NS": {
        "Sell": 0.9054757952690125,
        "Hold": 0.08393512666225433,
        "Buy": 0.01058900635689497
    },
    "APOLLOHOSP.NS": {
        "Sell": 0.9580555558204651,
        "Hold": 0.0383879691362381,
        "Buy": 0.003556477604433894
    },
    "DIVISLAB.NS": {
        "Sell": 0.9097257256507874,
        "Hold": 0.08074548095464706,
        "Buy": 0.00952882133424282
    },
    "TATACONSUM.NS": {
        "Sell": 0.9676317572593689,
        "Hold": 0.02866082265973091,
        "Buy": 0.003707373281940818
    },
    "BRITANNIA.NS": {
        "Sell": 0.8706786632537842,
        "Hold": 0.11789681762456894,
        "Buy": 0.011424636468291283
    },
    "BAJAJ-AUTO.NS": {
        "Sell": 0.9435030221939087,
        "Hold": 0.051554013043642044,
        "Buy": 0.00494302436709404
    },
    "HEROMOTOCO.NS": {
        "Sell": 0.9184927940368652,
        "Hold": 0.07244319468736649,
        "Buy": 0.009063935838639736
    },
    "TECHM.NS": {
        "Sell": 0.33064591884613037,
        "Hold": 0.4805566072463989,
        "Buy": 0.18879741430282593
    },
    "FEDERALBNK.NS": {
        "Sell": 0.9281084537506104,
        "Hold": 0.06211921572685242,
        "Buy": 0.009772302582859993
    },
    "PNB.NS": {
        "Sell": 0.8915076851844788,
        "Hold": 0.09587273001670837,
        "Buy": 0.01261950470507145
    },
    "BANKBARODA.NS": {
        "Sell": 0.8359317183494568,
        "Hold": 0.14207129180431366,
        "Buy": 0.021997060626745224
    },
    "CANBK.NS": {
        "Sell": 0.9263843297958374,
        "Hold": 0.06409475952386856,
        "Buy": 0.009520936757326126
    },
    "IOB.NS": {
        "Sell": 0.9153279662132263,
        "Hold": 0.07694268971681595,
        "Buy": 0.007729460950940847
    },
    "UNIONBANK.NS": {
        "Sell": 0.9598856568336487,
        "Hold": 0.03598616272211075,
        "Buy": 0.004128213971853256
    },
    "CHOLAFIN.NS": {
        "Sell": 0.7873710989952087,
        "Hold": 0.18025536835193634,
        "Buy": 0.03237349912524223
    },
    "M&MFIN.NS": {
        "Sell": 0.926923394203186,
        "Hold": 0.06377742439508438,
        "Buy": 0.009299270808696747
    },
    "PFC.NS": {
        "Sell": 0.8484799861907959,
        "Hold": 0.13700583577156067,
        "Buy": 0.014514175243675709
    },
    "LICHSGFIN.NS": {
        "Sell": 0.8942424654960632,
        "Hold": 0.0941348522901535,
        "Buy": 0.011622702702879906
    },
    "PERSISTENT.NS": {
        "Sell": 0.5316112041473389,
        "Hold": 0.3570407032966614,
        "Buy": 0.11134811490774155
    },
    "MPHASIS.NS": {
        "Sell": 0.30486705899238586,
        "Hold": 0.48216256499290466,
        "Buy": 0.21297036111354828
    },
    "OFSS.NS": {
        "Sell": 0.8392912745475769,
        "Hold": 0.13280174136161804,
        "Buy": 0.02790704555809498
    },
    "TATAELXSI.NS": {
        "Sell": 0.8401188850402832,
        "Hold": 0.135820209980011,
        "Buy": 0.024060789495706558
    },
    "ASHOKLEY.NS": {
        "Sell": 0.9717854857444763,
        "Hold": 0.02512311190366745,
        "Buy": 0.003091302467510104
    },
    "TVSMOTOR.NS": {
        "Sell": 0.7196316123008728,
        "Hold": 0.2419804036617279,
        "Buy": 0.038388002663850784
    },
    "ESCORTS.NS": {
        "Sell": 0.9179667830467224,
        "Hold": 0.07265008985996246,
        "Buy": 0.009383251890540123
    },
    "BHARATFORG.NS": {
        "Sell": 0.9562826156616211,
        "Hold": 0.03869112581014633,
        "Buy": 0.005026252940297127
    },
    "BOSCHLTD.NS": {
        "Sell": 0.9634644389152527,
        "Hold": 0.03149165213108063,