{
    "RELIANCE.NS": {
        "Sell": 0.9708163142204285,
        "Hold": 0.02689790353178978,
        "Buy": 0.0022858099546283484
    },
    "TCS.NS": {
        "Sell": 0.9707213640213013,
        "Hold": 0.02634035237133503,
        "Buy": 0.0029383371584117413
    },
    "HDFCBANK.NS": {
        "Sell": 0.9371244311332703,
        "Hold": 0.05657113343477249,
        "Buy": 0.006304427050054073
    },
    "ICICIBANK.NS": {
        "Sell": 0.8862544298171997,
        "Hold": 0.10190434008836746,
        "Buy": 0.01184124406427145
    },
    "INFY.NS": {
        "Sell": 0.9809980988502502,
        "Hold": 0.017102042213082314,
        "Buy": 0.0018999178428202868
    },
    "ITC.NS": {
        "Sell": 0.83387291431427,
        "Hold": 0.14659737050533295,
        "Buy": 0.019529763609170914
    },
    "LT.NS": {
        "Sell": 0.9363940358161926,
        "Hold": 0.05701060593128204,
        "Buy": 0.0065954080782830715
    },
    "BHARTIARTL.NS": {
        "Sell": 0.9325088858604431,
        "Hold": 0.06121275573968887,
        "Buy": 0.006278275046497583
    },
    "SBIN.NS": {
        "Sell": 0.8147231340408325,
        "Hold": 0.16578012704849243,
        "Buy": 0.01949664019048214
    },
    "HINDUNILVR.NS": {
        "Sell": 0.7498159408569336,
        "Hold": 0.22178393602371216,
        "Buy": 0.028400134295225143
    },
    "M&M.NS": {
        "Sell": 0.6495738625526428,
        "Hold": 0.2997668385505676,
        "Buy": 0.050659243017435074
    },
    "MARUTI.NS": {
        "Sell": 0.8526743054389954,
        "Hold": 0.13051849603652954,
        "Buy": 0.016807181760668755
    },
    "SUNPHARMA.NS": {
        "Sell": 0.9674018025398254,
        "Hold": 0.02980816923081875,
        "Buy": 0.002790017519146204
    },
    "TATASTEEL.NS": {
        "Sell": 0.948257327079773,
        "Hold": 0.04731044918298721,
        "Buy": 0.004432280547916889
    },
    "BAJFINANCE.NS": {
        "Sell": 0.9189696907997131,
        "Hold": 0.073418989777565,
        "Buy": 0.007611270993947983
    },
    "NTPC.NS": {
        "Sell": 0.9335352778434753,
        "Hold": 0.06057552248239517,
        "Buy": 0.005889187566936016
    },
    "ONGC.NS": {
        "Sell": 0.9328498244285583,
        "Hold": 0.0616593100130558,
        "Buy": 0.00549088791012764
    },
    "ASIANPAINT.NS": {
        "Sell": 0.8564672470092773,
        "Hold": 0.12569211423397064,
        "Buy": 0.017840765416622162
    },
    "TITAN.NS": {
        "Sell": 0.5733604431152344,
        "Hold": 0.37193402647972107,
        "Buy": 0.054705556482076645
    },
    "ULTRACEMCO.NS": {
        "Sell": 0.9345536231994629,
        "Hold": 0.059735268354415894,
        "Buy": 0.005711217876523733
    },
    "WIPRO.NS": {
        "Sell": 0.9813978672027588,
        "Hold": 0.016706308349967003,
        "Buy": 0.0018958792788907886
    },
    "HCLTECH.NS": {
        "Sell": 0.9736061692237854,
        "Hold": 0.023846743628382683,
        "Buy": 0.002547105774283409
    },
    "KOTAKBANK.NS": {
        "Sell": 0.8672450184822083,
        "Hold": 0.1170152872800827,
        "Buy": 0.015739627182483673
    },
    "AXISBANK.NS": {
        "Sell": 0.961410641670227,
        "Hold": 0.03542398288846016,
        "Buy": 0.003165339818224311
    },
    "POWERGRID.NS": {
        "Sell": 0.8750655055046082,
        "Hold": 0.11338383704423904,
        "Buy": 0.01155070960521698
    },
    "BPCL.NS": {
        "Sell": 0.9395656585693359,
        "Hold": 0.05492749437689781,
        "Buy": 0.005506808869540691
    },
    "GRASIM.NS": {
        "Sell": 0.9470052123069763,
        "Hold": 0.04829337075352669,
        "Buy": 0.004701456055045128
    },
    "JSWSTEEL.NS": {
        "Sell": 0.9711295366287231,
        "Hold": 0.02649889700114727,
        "Buy": 0.0023715945426374674
    },
    "ADANIPORTS.NS": {
        "Sell": 0.9133297801017761,
        "Hold": 0.07733462005853653,
        "Buy": 0.00933555606752634
    },
    "INDUSINDBK.NS": {
        "Sell": 0.884361207485199,
        "Hold": 0.10458201915025711,
        "Buy": 0.011056744493544102
    },
    "DRREDDY.NS": {
        "Sell": 0.9628000259399414,
        "Hold": 0.033645208925008774,
        "Buy": 0.0035548191517591476
    },
    "CIPLA.NS": {
        "Sell": 0.9165500998497009,
        "Hold": 0.07485516369342804,
        "Buy": 0.008594685234129429
    },
    "EICHERMOT.NS": {
        "Sell": 0.9075098037719727,
        "Hold": 0.08456569910049438,
        "Buy": 0.007924462668597698
    },
    "APOLLOHOSP.NS": {
        "Sell": 0.9177953600883484,
        "Hold": 0.0750240609049797,
        "Buy": 0.007180718705058098
    },
    "DIVISLAB.NS": {
        "Sell": 0.8480943441390991,
        "Hold": 0.13280156254768372,
        "Buy": 0.019104044884443283
    },
    "TATACONSUM.NS": {
        "Sell": 0.6627037525177002,
        "Hold": 0.2882423400878906,
        "Buy": 0.04905387759208679
    },
    "BRITANNIA.NS": {
        "Sell": 0.9414675831794739,
        "Hold": 0.053926534950733185,
        "Buy": 0.0046058762818574905
    },
    "BAJAJ-AUTO.NS": {
        "Sell": 0.9130125045776367,
        "Hold": 0.0781204104423523,
        "Buy": 0.008867141790688038
    },
    "HEROMOTOCO.NS": {
        "Sell": 0.7558487057685852,
        "Hold": 0.21156521141529083,
        "Buy": 0.03258606791496277
    },
    "TECHM.NS": {
        "Sell": 0.9834126830101013,
        "Hold": 0.01436500996351242,
        "Buy": 0.0022223482374101877
    },
    "FEDERALBNK.NS": {
        "Sell": 0.6840593814849854,
        "Hold": 0.2683577537536621,
        "Buy": 0.04758293554186821
    },
    "PNB.NS": {
        "Sell": 0.6904454827308655,
        "Hold": 0.2673390805721283,
        "Buy": 0.04221542552113533
    },
    "BANKBARODA.NS": {
        "Sell": 0.7568768858909607,
        "Hold": 0.21547265350818634,
        "Buy": 0.02765045501291752
    },
    "CANBK.NS": {
        "Sell": 0.4743402898311615,
        "Hold": 0.4320395588874817,
        "Buy": 0.09362027049064636
    },
    "IOB.NS": {
        "Sell": 0.9174591302871704,
        "Hold": 0.07507427036762238,
        "Buy": 0.007466515526175499
    },
    "UNIONBANK.NS": {
        "Sell": 0.4485110640525818,
        "Hold": 0.462559312582016,
        "Buy": 0.08892957121133804
    },
    "CHOLAFIN.NS": {
        "Sell": 0.7413034439086914,
        "Hold": 0.2136247605085373,
        "Buy": 0.045071735978126526
    },
    "M&MFIN.NS": {
        "Sell": 0.9204745888710022,
        "Hold": 0.06751126796007156,
        "Buy": 0.012014173902571201
    },
    "PFC.NS": {
        "Sell": 0.8396449089050293,
        "Hold": 0.1427353322505951,
        "Buy": 0.01761973462998867
    },
    "LICHSGFIN.NS": {
        "Sell": 0.9108891487121582,
        "Hold": 0.07964860647916794,
        "Buy": 0.009462254121899605
    },
    "PERSISTENT.NS": {
        "Sell": 0.9867048263549805,
        "Hold": 0.011449769139289856,
        "Buy": 0.0018454149831086397
    },
    "MPHASIS.NS": {
        "Sell": 0.9483197927474976,
        "Hold": 0.044952619820833206,
        "Buy": 0.0067275092005729675
    },
    "OFSS.NS": {
        "Sell": 0.9540598392486572,
        "Hold": 0.03992997109889984,
        "Buy": 0.006010225974023342
    },
    "TATAELXSI.NS": {
        "Sell": 0.9511584043502808,
        "Hold": 0.04457072541117668,
        "Buy": 0.004270914010703564
    },
    "ASHOKLEY.NS": {
        "Sell": 0.7328212857246399,
        "Hold": 0.22462312877178192,
        "Buy": 0.04255562648177147
    },
    "TVSMOTOR.NS": {
        "Sell": 0.9162620902061462,
        "Hold": 0.07410763949155807,
        "Buy": 0.009630273096263409
    },
    "ESCORTS.NS": {
        "Sell": 0.8401163816452026,
        "Hold": 0.13490644097328186,
        "Buy": 0.02497725933790207
    },
    "BHARATFORG.NS": {
        "Sell": 0.8117966055870056,
        "Hold": 0.1571534425020218,
        "Buy": 0.03104989230632782
    },
    "BOSCHLTD.NS": {
        "Sell": 0.9432598352432251,
        "Hold": 0.04940306022763252,